Ligand,Receptor,Expr_Prod,Affinity_Pred,Affinity_Score,Rank_Baseline,Rank_Affinity,Rank_Change
CD274,PDCD1,0.001090612,9.1789055,0.010010624,347.5,90.0,257.5
PDCD1LG2,PDCD1,0.001090612,7.245809,0.007902366,347.5,102.0,245.5
CD274,CD80,6.9026214e-06,1.4757787,1.0186742e-05,1187.5,970.0,217.5
EPHB2,EFNA5,4.141573e-05,0.53895485,2.2321208e-05,872.0,811.0,61.0
IL6R,IL6,1.3805243e-05,0.5328399,7.355984e-06,1078.0,1026.0,52.0
CD86,CD28,0.0003002642,0.53688496,0.00016120732,550.0,500.0,50.0
PDGFB,PDGFRB,2.7610486e-05,0.5442855,1.5027987e-05,952.0,904.0,48.0
HLA-G,LILRB1,0.00031061796,0.5395057,0.00016758018,543.0,496.0,47.0
EFNB1,EPHB4,4.141573e-05,0.4943372,2.0473335e-05,872.0,826.0,46.0
IL10RA,IL10,0.00013114979,0.5594277,7.336882e-05,680.5,635.0,45.5
IL34,CSF1R,6.2123596e-05,0.56744176,3.5251524e-05,786.5,741.0,45.5
ITGA5,PLA2G2A,2.0707865e-05,0.512607,1.06149955e-05,1002.0,958.0,44.0
EFNB2,EPHB4,4.141573e-05,0.48743877,2.0187632e-05,872.0,830.0,42.0
EPHB4,EFNB2,0.00022778653,0.53742677,0.00012241858,596.0,555.0,41.0
PDGFRB,PDGFB,5.1769657e-05,0.5153401,2.667898e-05,825.0,788.0,37.0
IL13RA1,IL4,0.0003313259,0.4971899,0.00016473189,532.0,497.0,35.0
BMP7,BMPR1A,0.00019327336,0.4954099,9.5749536e-05,627.5,593.0,34.5
WNT7B,FZD1,4.141573e-05,0.4677157,1.9370787e-05,872.0,838.0,34.0
EPHB2,EFNB1,0.0001863708,0.512726,9.555716e-05,629.5,596.0,33.5
WNT7B,LRP6,4.141573e-05,0.46646217,1.9318872e-05,872.0,839.0,33.0
EFNB2,EPHB6,0.00045557314,0.5204999,0.00023712577,474.0,441.0,33.0
TNFRSF11A,TNFSF11,2.7610486e-05,0.4927551,1.3605208e-05,952.0,919.0,33.0
EPHA2,EFNA5,6.9026214e-06,0.5060364,3.4929776e-06,1187.5,1156.0,31.5
EPHB2,EFNB2,0.00012424719,0.5312662,6.600833e-05,687.5,656.0,31.5
EPHA4,EFNB2,8.2831466e-05,0.5125333,4.2453885e-05,746.5,715.0,31.5
EPHB6,EFNB2,0.00026920225,0.52293164,0.00014077437,565.0,534.0,31.0
EPHB4,EFNB1,0.0003416798,0.5163163,0.00017641486,520.0,489.0,31.0
EFNA5,EPHB2,1.7256554e-05,0.51544785,8.894854e-06,1032.5,1002.0,30.5
EGF,EGFR,6.9026214e-06,0.50053066,3.4549737e-06,1187.5,1157.0,30.5
RAET1E,KLRK1,0.00045902465,0.5200842,0.00023873147,469.0,439.0,30.0
EPHB6,EFNB1,0.0004038034,0.50435364,0.00020365971,493.0,463.0,30.0
EFNB1,EPHB6,0.00045557314,0.50883466,0.0002318114,474.0,444.0,30.0
EPHA4,EFNA5,2.7610486e-05,0.48951533,1.3515756e-05,952.0,922.0,30.0
EPGN,EGFR,6.9026214e-06,0.48964977,3.379867e-06,1187.5,1158.0,29.5
CD6,ALCAM,2.761049e-05,0.51883453,1.43252755e-05,939.5,910.0,29.5
ICOSLG,ICOS,0.0056635984,0.6210291,0.0035172594,189.0,160.0,29.0
TNFSF13,TNFRSF13B,4.141573e-05,0.45849568,1.8988932e-05,872.0,843.0,29.0
TNFRSF11B,TNFSF11,1.3805243e-05,0.48560038,6.7038313e-06,1078.0,1049.0,29.0
EPHA1,EFNA5,6.9026214e-06,0.47337857,3.267553e-06,1187.5,1159.0,28.5
SORT1,NGF,4.831835e-05,0.47054368,2.2735894e-05,836.5,808.0,28.5
VEGFA,FLT1,0.0008904385,0.51352936,0.00045726632,380.0,352.0,28.0
NTN1,UNC5C,6.9026214e-06,0.4733118,3.2670923e-06,1187.5,1160.0,27.5
HLA-G,LILRB2,3.1061798e-05,0.48646954,1.5110619e-05,928.5,901.0,27.5
TNFSF13B,TNFRSF13B,3.451311e-05,0.47488979,1.6389922e-05,909.5,882.0,27.5
NRP2,VEGFA,4.1415733e-05,0.49531606,2.0513877e-05,852.5,825.0,27.5
BMP5,BMPR1A,9.663668e-05,0.47833955,4.6225145e-05,732.5,705.0,27.5
PDGFA,PDGFRA,1.3805243e-05,0.46852684,6.4681267e-06,1078.0,1051.0,27.0
HCST,RAET1G,6.9026214e-06,0.4579743,3.1612233e-06,1187.5,1161.0,26.5
GABRA3,SLC6A11,1.3805243e-05,0.46704218,6.4476308e-06,1078.0,1052.0,26.0
ITGA5,FN1,0.00013805242,0.49069452,6.774157e-05,673.0,647.0,26.0
LEPR,LEP,3.4513107e-06,0.5194055,1.7926297e-06,1247.0,1221.0,26.0
TNFRSF21,PI16,7.592884e-05,0.46470448,3.5284473e-05,765.5,740.0,25.5
PDGFB,PDGFRA,6.9026214e-06,0.45182195,3.1187558e-06,1187.5,1162.0,25.5
EFNB2,EPHA4,0.00064194406,0.49031875,0.0003147572,425.5,400.0,25.5
VEGFA,NRP2,0.00029681282,0.48671985,0.00014446469,552.0,527.0,25.0
EFNB2,EPHB2,1.0353932e-05,0.514053,5.32247e-06,1130.0,1105.0,25.0
CALCA,CALCRL,3.4513107e-06,0.4646355,1.6036014e-06,1247.0,1222.0,25.0
EGFR,TGFA,0.0007765451,0.5383457,0.0004180497,397.0,372.0,25.0
ARTN,GFRA3,6.9026214e-06,0.44895148,3.0989422e-06,1187.5,1163.0,24.5
IL4R,IL13,0.00020707864,0.46568638,9.64337e-05,614.0,590.0,24.0
EFNB1,EPHB2,1.0353932e-05,0.5015297,5.1928046e-06,1130.0,1106.0,24.0
ACVR1,BMP5,2.0707865e-05,0.4739505,9.814503e-06,1002.0,978.0,24.0
PLAUR,PLAU,0.0004141574,0.47462544,0.00019656964,491.0,467.0,24.0
COL8A1,ITGA10,3.4513107e-06,0.45161596,1.558667e-06,1247.0,1223.0,24.0
HTR3A,TPH1,1.3805243e-05,0.45741954,6.3147877e-06,1078.0,1054.0,24.0
LILRB2,HLA-G,0.00033477735,0.4873956,0.00016316901,522.0,498.0,24.0
IL13RA1,IL13,0.0006626518,0.5043838,0.00033423083,416.5,393.0,23.5
PDGFC,PDGFRA,2.4159175e-05,0.46415582,1.1213622e-05,975.5,952.0,23.5
IL6ST,IL6,6.2123596e-05,0.5074642,3.15255e-05,786.5,763.0,23.5
COL9A3,ITGA10,6.9026214e-06,0.44464576,3.0692213e-06,1187.5,1164.0,23.5
TGFB2,ACVR1,0.00024849435,0.48586652,0.00012073509,581.5,558.0,23.5
PTGDR,AKR1C3,3.4513107e-06,0.4502615,1.5539923e-06,1247.0,1224.0,23.0
EPHA2,EFNB1,3.10618e-05,0.49679857,1.5431458e-05,918.0,895.0,23.0
EFNB2,EPHB3,1.0353932e-05,0.4953139,5.128447e-06,1130.0,1107.0,23.0
SEMA4A,PLXND1,0.00022778647,0.45377603,0.000103364044,599.0,576.0,23.0
ACVR2B,GDF10,1.3805243e-05,0.4556223,6.289976e-06,1078.0,1055.0,23.0
AMH,BMPR1A,0.00019327336,0.4760294,9.20038e-05,627.5,605.0,22.5
GRIN1,GLS2,6.9026214e-06,0.44140628,3.0468605e-06,1187.5,1165.0,22.5
BMPR1A,BMP5,2.4159175e-05,0.45941296,1.1099039e-05,975.5,953.0,22.5
EFNB1,EPHB3,1.0353932e-05,0.48816755,5.054454e-06,1130.0,1108.0,22.0
EPHA2,EFNA3,1.3805243e-05,0.45463857,6.2763957e-06,1078.0,1056.0,22.0
SLC17A7,GRM2,3.4513107e-06,0.44792467,1.5459273e-06,1247.0,1225.0,22.0
IL13RA2,IL13,2.0707865e-05,0.46834937,9.698515e-06,1002.0,980.0,22.0
WNT7B,FZD5,3.1061798e-05,0.47414702,1.4727859e-05,928.5,907.0,21.5
GRIN1,SLC1A1,6.9026214e-06,0.4409719,3.043862e-06,1187.5,1166.0,21.5
AREG,EGFR,2.0707865e-05,0.46586695,9.647109e-06,1002.0,981.0,21.0
COL4A2,ITGA10,3.4513107e-06,0.44602358,1.5393659e-06,1247.0,1226.0,21.0
IGF2R,IGF2,0.00022778653,0.4558389,0.000103833954,596.0,575.0,21.0
LTB4R,LTA4H,0.0004452194,0.45981652,0.00020471922,483.0,462.0,21.0
IL6R,CD248,0.00013805243,0.49051145,6.77163e-05,670.0,649.0,21.0
MICB,KLRK1,0.00045902465,0.49461538,0.00022704065,469.0,448.0,21.0
JAG1,VASN,0.0002174326,0.46071738,0.00010017498,602.0,581.0,21.0
CD86,CTLA4,0.00068681134,0.5034055,0.0003457446,408.0,387.0,21.0
TNFRSF10C,TNFSF10,0.001297689,0.48142883,0.0006247449,329.5,309.0,20.5
VDR,CYP27B1,1.7256554e-05,0.4850291,8.369931e-06,1032.5,1012.0,20.5
CCL3,ACKR2,6.9026214e-06,0.44091684,3.043482e-06,1187.5,1167.0,20.5
ITGA5,CD40LG,0.000717873,0.49047673,0.0003521,406.0,386.0,20.0
EPHB3,EFNB2,2.0707866e-05,0.499082,1.0334923e-05,986.0,966.0,20.0
FN1,ITGB5,4.141573e-05,0.44239312,1.8322035e-05,872.0,852.0,20.0
COL4A1,ITGA10,3.4513107e-06,0.4396703,1.5174388e-06,1247.0,1227.0,20.0
TGFA,EGFR,1.0353932e-05,0.4871729,5.0441554e-06,1130.0,1110.0,20.0
ULBP2,KLRK1,0.00045902465,0.49449828,0.0002269869,469.0,449.0,20.0
FZD3,WNT7B,1.3805243e-05,0.45112032,6.2278255e-06,1078.0,1058.0,20.0
GAS6,AXL,5.522097e-05,0.48277196,2.6659136e-05,808.5,789.0,19.5
IL7R,IL7,4.8318354e-05,0.46234727,2.2339858e-05,829.5,810.0,19.5
WNT4,FZD3,3.7964423e-05,0.4524533,1.7177128e-05,891.5,872.0,19.5
GABRE,SLC6A11,5.176966e-05,0.44914785,2.3252232e-05,823.5,804.0,19.5
IL1RAP,IL1A,6.9026214e-06,0.4391249,3.031113e-06,1187.5,1168.0,19.5
LRPAP1,SORT1,0.00045557314,0.4703008,0.0002142564,474.0,455.0,19.0
IL10RB,IL10,0.0004590243,0.4852404,0.00022273714,471.0,452.0,19.0
FN1,ITGA10,4.141573e-05,0.44231376,1.8318748e-05,872.0,853.0,19.0
WNT6,FZD4,3.4513107e-06,0.436244,1.5056136e-06,1247.0,1228.0,19.0
HEBP1,FPR3,0.0009525623,0.47517648,0.0004526352,372.0,353.0,19.0
EFNB1,EPHA2,1.0353932e-05,0.47349915,4.902578e-06,1130.0,1111.0,19.0
GAS6,MERTK,1.3805243e-05,0.45102116,6.2264567e-06,1078.0,1059.0,19.0
ADORA2B,SLC29A3,0.0005798203,0.47900873,0.000277739,437.0,418.0,19.0
PLXND1,SEMA3E,7.592884e-05,0.45103392,3.424648e-05,765.5,747.0,18.5
ITGB1,COL12A1,0.0003347771,0.47191095,0.00015798499,526.5,508.0,18.5
GABRQ,SLC6A11,6.9026214e-06,0.43848073,3.0266665e-06,1187.5,1169.0,18.5
ADORA1,SLC29A4,3.4513107e-06,0.43448853,1.499555e-06,1247.0,1229.0,18.0
FZD3,WNT5B,1.3805243e-05,0.45099038,6.2260315e-06,1078.0,1060.0,18.0
EPHB3,EFNB1,3.10618e-05,0.486989,1.5126755e-05,918.0,900.0,18.0
CD46,JAG1,0.0009525621,0.472261,0.00044985794,373.0,355.0,18.0
LRP6,DKK1,6.2123596e-05,0.48859534,3.03533e-05,786.5,769.0,17.5
IL15RA,IL15,0.00024849438,0.46859986,0.00011644443,578.5,561.0,17.5
SLC29A2,ADORA2B,9.3185394e-05,0.4527228,4.2187152e-05,735.5,718.0,17.5
EFNA5,EPHA2,1.7256554e-05,0.46519932,8.027738e-06,1032.5,1015.0,17.5
ITGB1,PLA2G2A,0.0010043313,0.47320136,0.00047525094,363.5,346.0,17.5
HBEGF,EGFR,6.9026214e-06,0.4377567,3.0216686e-06,1187.5,1170.0,17.5
TNFSF10,TNFRSF10C,0.00046592686,0.4851159,0.00022602853,467.0,450.0,17.0
CYP19A1,ESR1,3.4513107e-06,0.42817673,1.477771e-06,1247.0,1230.0,17.0
FZD3,WNT2,1.3805243e-05,0.44947085,6.205054e-06,1078.0,1061.0,17.0
BAG6,NCR3,0.028162653,0.59220624,0.016678099,77.0,60.0,17.0
WNT7B,FZD4,1.0353932e-05,0.47066638,4.8732477e-06,1130.0,1113.0,17.0
DKK1,LRP6,0.00040035206,0.46604392,0.00018658164,494.0,477.0,17.0
SPX,GALR2,2.7610486e-05,0.4620336,1.2756972e-05,952.0,935.0,17.0
CXCL9,DPP4,0.00045557308,0.45160645,0.00020573975,477.5,461.0,16.5
BMPR1A,BMP8A,2.4159175e-05,0.43912837,1.0608979e-05,975.5,959.0,16.5
EFNB1,EPHA4,0.00064194406,0.46750623,0.00030011285,425.5,409.0,16.5
FZD3,WNT1,0.00031752055,0.46008173,0.0001460854,540.5,524.0,16.5
COL6A3,ITGA10,6.9026214e-06,0.43641973,3.0124402e-06,1187.5,1171.0,16.5
COL5A1,ITGA10,3.4513107e-06,0.42628843,1.4712538e-06,1247.0,1231.0,16.0
IL17RA,IL17A,9.66367e-05,0.44437385,4.2942822e-05,728.0,712.0,16.0
HLA-F,KIR3DL2,0.0020017605,0.47666678,0.00095417275,280.0,264.0,16.0
PTHLH,PTH2R,1.3805243e-05,0.44709548,6.1722617e-06,1078.0,1062.0,16.0
BMP7,BMPR2,0.00036583908,0.4677027,0.00017110392,510.0,494.0,16.0
GRIN1,SLC1A3,1.0353932e-05,0.47041085,4.870602e-06,1130.0,1114.0,16.0
AMH,ACVR1,0.00012424718,0.46807784,5.815735e-05,691.0,675.0,16.0
ALOX5AP,CYSLTR1,0.00021398124,0.44931975,9.6145995e-05,607.0,591.0,16.0
LRP6,WNT10A,0.00061088224,0.46063122,0.00028139143,431.0,415.0,16.0
WNT7B,FZD7,5.1769664e-05,0.44962496,2.3276933e-05,818.5,803.0,15.5
ITGB6,TNC,0.00025884833,0.46651968,0.00012075784,572.5,557.0,15.5
ITGA5,L1CAM,9.663671e-05,0.4587716,4.4334174e-05,723.5,708.0,15.5
ITGA8,FN1,0.00020707863,0.45618194,9.446553e-05,615.5,600.0,15.5
NRP1,VEGFA,6.2123596e-05,0.477788,2.9681909e-05,786.5,771.0,15.5
COL8A1,ITGB1,0.0028645878,0.45409626,0.0013007986,243.5,228.0,15.5
COL16A1,ITGA10,6.9026214e-06,0.43247065,2.9851813e-06,1187.5,1172.0,15.5
HLA-F,KIR3DL1,0.002174326,0.5148228,0.0011193926,268.0,253.0,15.0
CXCR6,CXCL16,0.00025884845,0.47020838,0.00012171271,571.0,556.0,15.0
LRP6,WNT2B,4.141573e-05,0.43819287,1.8148077e-05,872.0,857.0,15.0
WNT4,LRP6,1.3805243e-05,0.44415054,6.131606e-06,1078.0,1063.0,15.0
IGF1,IGF1R,1.0353932e-05,0.4615426,4.7787807e-06,1130.0,1115.0,15.0
HLA-F,LILRB1,0.0010353932,0.51195693,0.00053007674,353.0,338.0,15.0
EPHA4,EFNB1,0.0001242472,0.4815613,5.9832648e-05,684.0,669.0,15.0
MST1R,MST1,2.0707865e-05,0.45660132,9.455239e-06,1002.0,987.0,15.0
TNFSF10,TNFRSF11B,0.0018637074,0.47957018,0.0008937785,285.0,270.0,15.0
GGT5,CYSLTR1,0.00021398124,0.44746983,9.575015e-05,607.0,592.0,15.0
LTA4H,LTB4R2,0.001987955,0.4656392,0.0009256698,281.0,266.0,15.0
COL11A2,ITGA10,3.4513107e-06,0.42588347,1.4698562e-06,1247.0,1232.0,15.0
IL20,IL20RA,6.902622e-05,0.4694059,3.2401313e-05,773.5,759.0,14.5
COL4A1,ITGB1,0.0028645878,0.4474412,0.0012817346,243.5,229.0,14.5
SEMA3F,NRP2,6.9026214e-06,0.43225753,2.9837101e-06,1187.5,1173.0,14.5
NT5E,ADORA2B,3.1061798e-05,0.4497056,1.39686645e-05,928.5,914.0,14.5
ADM,CALCRL,2.4159175e-05,0.4365345,1.0546313e-05,975.5,961.0,14.5
GABBR1,SLC6A11,1.7256554e-05,0.45635608,7.875134e-06,1032.5,1018.0,14.5
FZD3,WNT2B,5.522097e-05,0.4582236,2.5303552e-05,808.5,794.0,14.5
WNT7B,FZD3,0.00011389327,0.47254983,5.3820244e-05,701.0,687.0,14.0
FZD10,WNT5B,3.4513107e-06,0.42576244,1.4694385e-06,1247.0,1233.0,14.0
ITGA2,COL12A1,1.0353932e-05,0.45412874,4.7020185e-06,1130.0,1116.0,14.0
NTRK3,PTPRS,1.3805243e-05,0.4428235,6.113286e-06,1078.0,1064.0,14.0
TGFB3,ITGB8,4.141573e-05,0.43277022,1.7923494e-05,872.0,858.0,14.0
CYSLTR1,GGT5,2.7610486e-05,0.44988197,1.2421459e-05,952.0,938.0,14.0
BMPR1A,BMPR2,0.0012804368,0.47059813,0.0006025711,333.0,319.0,14.0
ADORA1,SLC29A3,0.00014495508,0.4730305,6.856817e-05,660.0,646.0,14.0
TNFRSF10B,TNFSF10,0.005190756,0.5121992,0.0026587013,195.0,181.0,14.0
TNFRSF11B,TNFSF10,0.002595378,0.46856177,0.0012160949,254.0,240.0,14.0
BMP7,ACVR1,0.00012424718,0.4661328,5.7915684e-05,691.0,677.0,14.0
ITGB1,COL4A1,0.0010043313,0.4576766,0.0004596589,363.5,350.0,13.5
ACVR1B,GDF10,1.7256554e-05,0.45577794,7.8651565e-06,1032.5,1019.0,13.5
ITGA8,TNC,5.1769664e-05,0.44841543,2.3214316e-05,818.5,805.0,13.5
LRP6,WNT1,0.00023814042,0.4482576,0.00010674825,586.5,573.0,13.5
LRP5,DKK1,0.00033132586,0.44273505,0.00014668958,535.5,522.0,13.5
GRIA2,SLC1A1,6.9026214e-06,0.4317658,2.980316e-06,1187.5,1174.0,13.5
SORT1,LRPAP1,0.017249592,0.50940734,0.008787069,109.0,96.0,13.0
GRIA2,SLC1A3,1.0353932e-05,0.44419706,4.5991865e-06,1130.0,1117.0,13.0
ADORA2B,SLC29A4,1.3805243e-05,0.43984243,6.072132e-06,1078.0,1065.0,13.0
FN1,ITGA8,4.141573e-05,0.43264332,1.7918239e-05,872.0,859.0,13.0
HLA-F,LILRB2,0.00010353932,0.47017756,4.8681864e-05,714.0,701.0,13.0
IL15,IL15RA,0.0013460118,0.4633193,0.0006236332,323.0,310.0,13.0
ACVR1,BMP8A,2.0707865e-05,0.4515258,9.350136e-06,1002.0,989.0,13.0
SLIT2,ROBO1,3.4513107e-06,0.4215315,1.4548361e-06,1247.0,1234.0,13.0
COL8A1,ITGA2,7.938014e-05,0.4418972,3.507786e-05,756.0,743.0,13.0
GRM4,SLC1A1,6.9026214e-06,0.42894718,2.96086e-06,1187.5,1175.0,12.5
ITGA2,COL1A1,0.00028991007,0.44812623,0.0001299163,558.5,546.0,12.5
ITGB1,COL27A1,0.0010043313,0.4561389,0.00045811458,363.5,351.0,12.5
WNT3,FZD3,3.7964423e-05,0.43807673,1.663133e-05,891.5,879.0,12.5
ITGB1,COL9A3,0.0003347771,0.4592563,0.0001537485,526.5,514.0,12.5
ITGA2,COL4A1,3.1061798e-05,0.44471645,1.3813693e-05,928.5,916.0,12.5
TNFSF13B,TNFRSF17,1.7256554e-05,0.44417524,7.664934e-06,1032.5,1020.0,12.5
COL4A2,ITGB1,0.0028645878,0.4404509,0.0012617103,243.5,231.0,12.5
IL4R,IL4,0.00010353932,0.46439508,4.808315e-05,714.0,702.0,12.0
LRP6,WNT2,1.0353932e-05,0.441321,4.569408e-06,1130.0,1118.0,12.0
FZD10,WNT2,3.4513107e-06,0.42091832,1.4527199e-06,1247.0,1235.0,12.0
PVR,TIGIT,0.026278278,0.53752387,0.014125202,81.0,69.0,12.0
IL17RC,IL17A,0.00013805243,0.47050437,6.495427e-05,670.0,658.0,12.0
ITGB1,LAMA3,0.0006695542,0.46943313,0.00031431092,414.0,402.0,12.0
TNFRSF14,BTLA,0.0012700825,0.46109563,0.0005856295,335.0,323.0,12.0
COL6A1,ITGA10,1.3805243e-05,0.4398215,6.0718426e-06,1078.0,1066.0,12.0
PTGDR,PTGDS,4.4867047e-05,0.439249,1.9707806e-05,843.0,831.0,12.0
TAX1BP3,ADGRB1,3.796442e-05,0.4219777,1.6020138e-05,898.0,886.0,12.0
TNFRSF17,TNFSF13B,0.0004279626,0.4413089,0.0001888637,486.0,474.0,12.0
COL9A3,ITGA2,0.00015876027,0.43694085,6.936885e-05,654.5,643.0,11.5
EPHA2,EFNA4,0.0001311498,0.46398973,6.0852162e-05,678.5,667.0,11.5
ITGA3,LAMA3,5.522097e-05,0.44497737,2.4572082e-05,808.5,797.0,11.5
BMPR2,BMP5,3.1061798e-05,0.43996814,1.3666201e-05,928.5,917.0,11.5
COL1A1,ITGA10,3.451311e-05,0.44073534,1.5211147e-05,909.5,898.0,11.5
IL20RB,IL20,6.9026214e-06,0.4254507,2.9367252e-06,1187.5,1176.0,11.5
WNT6,FZD3,3.7964423e-05,0.43699938,1.659043e-05,891.5,880.0,11.5
DKK1,KREMEN1,0.00020017603,0.45211658,9.05029e-05,618.5,607.0,11.5
WNT7B,FRZB,5.1769664e-05,0.4399211,2.2774568e-05,818.5,807.0,11.5
HCST,ULBP1,1.3805243e-05,0.43829903,6.0508246e-06,1078.0,1067.0,11.0
TGFBR1,TGFB3,0.00036238765,0.44187468,0.00016012993,512.0,501.0,11.0
TGFBR1,GDF11,0.001346011,0.4578466,0.00061626657,324.0,313.0,11.0
CYP19A1,NR1I2,3.4513107e-06,0.41788542,1.4422525e-06,1247.0,1236.0,11.0
ACVR1,INHBA,2.0707865e-05,0.4507477,9.334022e-06,1002.0,991.0,11.0
EFNA5,EPHA1,0.0015358342,0.44729295,0.0006869678,309.0,298.0,11.0
WNT6,FZD5,1.0353932e-05,0.4385297,4.540507e-06,1130.0,1119.0,11.0
COL4A1,ITGA2,7.938014e-05,0.4378105,3.475346e-05,756.0,745.0,11.0
TGFB3,ACVR1,0.00018637077,0.44891486,8.366461e-05,632.0,621.0,11.0
WNT7B,FZD6,0.00013460114,0.4672965,6.2898645e-05,675.0,664.0,11.0
PLAU,PLAUR,0.0043486534,0.5164097,0.0022456867,206.0,195.0,11.0
JAG2,VASN,7.247753e-05,0.45118606,3.2700853e-05,768.0,757.0,11.0
PLA2G2A,ITGA5,0.001518577,0.4498934,0.00068319775,311.0,300.0,11.0
GRIA2,GLS2,6.9026214e-06,0.42400303,2.9267323e-06,1187.5,1177.0,10.5
ITGA2,COL27A1,3.1061798e-05,0.4398813,1.36635035e-05,928.5,918.0,10.5
COL16A1,ITGA2,0.00015876027,0.43481287,6.903101e-05,654.5,644.0,10.5
COL1A2,ITGA10,1.7256554e-05,0.4389641,7.5750077e-06,1032.5,1022.0,10.5
WNT7B,SFRP1,0.00014495506,0.45675707,6.620925e-05,663.5,653.0,10.5
IGF1R,IGF2,2.0707866e-05,0.47576916,9.852164e-06,986.0,976.0,10.0
SLC22A17,LCN2,0.00030371538,0.4600529,0.00013972515,546.0,536.0,10.0
GRIA2,GLS,0.00075583754,0.44640028,0.0003374061,399.0,389.0,10.0
FZD4,WNT5B,3.4513107e-06,0.4165322,1.437582e-06,1247.0,1237.0,10.0
BMP5,ACVR1,6.212359e-05,0.4460879,2.7712582e-05,792.0,782.0,10.0
TNFSF10,TNFRSF10B,0.027023768,0.5236795,0.014151793,78.0,68.0,10.0
MICA,KLRK1,0.008262444,0.47001374,0.0038834624,159.0,149.0,10.0
DSC1,DSG2,1.0353932e-05,0.43822086,4.537309e-06,1130.0,1120.0,10.0
TFRC,HFE,0.0004348652,0.4328811,0.00018824491,485.0,475.0,10.0
TNFRSF1B,TNF,0.008117498,0.47063145,0.0038203497,160.0,150.0,10.0
CYSLTR1,GGT1,0.00026229967,0.45414618,0.00011912239,569.0,559.0,10.0
IFNG,IFNGR1,0.0009180476,0.46692285,0.0004286574,376.0,366.0,10.0
FN1,ITGA5,0.0018222923,0.46694237,0.0008509055,288.0,278.0,10.0
FZD3,WNT7A,2.7610486e-05,0.440197,1.21540525e-05,952.0,942.0,10.0
PTH2R,PTH2,4.141573e-05,0.42865255,1.7752958e-05,872.0,862.0,10.0
ITGB1,CDH1,0.0010043313,0.45042196,0.00045237286,363.5,354.0,9.5
FLRT3,ADGRL2,6.9026214e-06,0.42356387,2.923701e-06,1187.5,1178.0,9.5
VEGFB,FLT1,8.2831466e-05,0.44189823,3.6603076e-05,746.5,737.0,9.5
BMP5,ACVR2A,1.7256554e-05,0.4358526,7.521314e-06,1032.5,1023.0,9.5
COL12A1,ITGA2,0.0002381404,0.4210666,0.00010027298,589.5,580.0,9.5
COL9A3,ITGA1,0.002043173,0.44235978,0.00090381753,276.5,267.0,9.5
ERBB2,HBEGF,0.0016152131,0.47392184,0.00076548476,302.5,293.0,9.5
DKK1,LRP5,0.00020017603,0.44542378,8.9163164e-05,618.5,609.0,9.5
TNFSF14,TNFRSF14,0.0016117573,0.4745161,0.0007648048,304.0,295.0,9.0
APP,TNFRSF21,0.00053840445,0.4521646,0.00024344743,444.0,435.0,9.0
WNT6,FZD6,4.4867047e-05,0.43376347,1.9461686e-05,843.0,834.0,9.0
CCR10,CCL28,0.00013460114,0.45349887,6.1041465e-05,675.0,666.0,9.0
SLC29A3,ADORA2B,2.0707865e-05,0.4430819,9.17528e-06,1002.0,993.0,9.0
C3,C3AR1,0.00011734456,0.4510642,5.2929932e-05,697.0,688.0,9.0
TGFB2,TGFBR1,0.0008283149,0.47511357,0.00039354365,386.0,377.0,9.0
GAS6,TYRO3,2.7610486e-05,0.4359264,1.203614e-05,952.0,943.0,9.0
TNFSF14,LTBR,8.2831444e-05,0.42480665,3.518735e-05,751.0,742.0,9.0
EPHA2,EFNA1,2.4159177e-05,0.44617543,1.0779231e-05,965.0,956.0,9.0
WNT3,LRP6,1.3805243e-05,0.43215996,5.9660733e-06,1078.0,1069.0,9.0
LGALS3,MERTK,0.0018982221,0.45634025,0.0008662352,284.0,275.0,9.0
LRP6,RSPO1,1.0353932e-05,0.4348508,4.502416e-06,1130.0,1121.0,9.0
TGFB2,TGFBR2,0.0057153506,0.4757197,0.0027189048,187.0,178.0,9.0
SFRP2,WNT2B,4.141573e-05,0.4278862,1.7721219e-05,872.0,863.0,9.0
GRIN1,GLS,0.00075583754,0.44528937,0.00033656642,399.0,390.0,9.0
WNT4,FZD4,3.4513107e-06,0.4159231,1.4354798e-06,1247.0,1238.0,9.0
ADM2,CALCRL,1.7256554e-05,0.43261218,7.4653954e-06,1032.5,1024.0,8.5
COL5A1,ITGB1,0.0028645878,0.42904484,0.0012290366,243.5,235.0,8.5
KREMEN2,DKK1,6.2123596e-05,0.4675925,2.9048528e-05,786.5,778.0,8.5
ADORA2B,SLC29A2,0.00011044196,0.4490466,4.9593586e-05,706.5,698.0,8.5
ITGB1,COL5A1,0.0003347771,0.44916314,0.00015036954,526.5,518.0,8.5
COL4A4,ITGA10,6.9026214e-06,0.4218652,2.9119758e-06,1187.5,1179.0,8.5
EPHA4,EFNA4,0.0005245992,0.4524669,0.00023736378,448.5,440.0,8.5
EPHA4,EFNA3,5.522097e-05,0.44234034,2.4426463e-05,808.5,800.0,8.5
KREMEN1,DKK1,4.1415733e-05,0.4547737,1.8834786e-05,852.5,844.0,8.5
NCAM1,FGFR1,6.5574895e-05,0.45200256,2.964002e-05,780.5,772.0,8.5
TNC,ITGA8,2.0707865e-05,0.44292772,9.172088e-06,1002.0,994.0,8.0
TNFRSF10A,TNFSF10,0.009083823,0.51288366,0.0046589444,142.0,134.0,8.0
FPR2,ANXA1,0.024745662,0.45336953,0.011218929,88.0,80.0,8.0
CD40,CD40LG,0.0003589365,0.4418396,0.00015859236,514.0,506.0,8.0
COL4A2,ITGA2,7.938014e-05,0.429886,3.4124412e-05,756.0,748.0,8.0
ITGA2,COL9A3,1.0353932e-05,0.43372938,4.4908047e-06,1130.0,1122.0,8.0
TNFSF13B,TNFRSF13C,0.000120795885,0.44595435,5.386945e-05,694.0,686.0,8.0
WNT6,FZD1,1.3805243e-05,0.4319433,5.963082e-06,1078.0,1070.0,8.0
ITGB2,C3,4.141573e-05,0.42582005,1.7635648e-05,872.0,864.0,8.0
EGFR,EREG,0.00046592703,0.45521632,0.00021209758,466.0,458.0,8.0
FN1,ITGA3,0.00041415734,0.43820304,0.00018148501,492.0,484.0,8.0
TNFRSF1A,TNF,0.08117498,0.48358676,0.039255142,39.0,31.0,8.0
PLXND1,SEMA4A,0.0013287547,0.45265958,0.00060147356,328.0,320.0,8.0
DKK1,KREMEN2,0.000100088015,0.43780297,4.381883e-05,717.0,709.0,8.0
CD40LG,ITGA5,0.00015185769,0.43944156,6.673258e-05,659.0,651.0,8.0
EFNA4,EPHA2,0.000110441964,0.4496757,4.9663067e-05,705.0,697.0,8.0
BMPR2,BMPR1A,0.0008697301,0.46340948,0.00040304117,383.0,375.0,8.0
EFNA5,EPHA4,0.0010699067,0.47781423,0.00051121664,349.0,341.0,8.0
WNT7B,SFRP2,0.00011389327,0.4541841,5.172851e-05,701.0,693.0,8.0
CD27,CD70,0.0026920245,0.44134402,0.0011881089,251.0,243.0,8.0
ITGB1,PLAUR,0.023434406,0.45877233,0.010751057,90.0,82.0,8.0
BMP4,BMPR1A,0.0021260069,0.44955495,0.0009557569,271.0,263.0,8.0
INHA,ACVR1,6.212359e-05,0.44155785,2.7431159e-05,792.0,784.0,8.0
APP,SORL1,0.07537667,0.4554828,0.034332775,42.0,34.0,8.0
TNFRSF1B,LTA,0.0006143336,0.44004476,0.00027033428,430.0,422.0,8.0
IL1R2,IL1A,3.4513107e-06,0.41526142,1.4331962e-06,1247.0,1239.0,8.0
TNFRSF13B,TNFSF13B,0.0002139813,0.44641498,9.5524454e-05,604.5,597.0,7.5
CD248,IL6R,0.00013114979,0.44687116,5.860706e-05,680.5,673.0,7.5
VCAM1,ITGB1,0.0028645878,0.42823878,0.0012267276,243.5,236.0,7.5
NOTCH3,JAG1,0.00024849438,0.43912157,0.000109119246,578.5,571.0,7.5
BMP5,BMPR2,0.00018291954,0.45462802,8.316035e-05,633.5,626.0,7.5
PGF,NRP2,6.9026214e-06,0.41770205,2.8832392e-06,1187.5,1180.0,7.5
CD40LG,CD40,5.522097e-05,0.43089494,2.3794437e-05,808.5,801.0,7.5
ROBO1,SLIT2,1.7256554e-05,0.4325154,7.4637255e-06,1032.5,1025.0,7.5
COL6A1,ITGA2,0.00031752055,0.44380102,0.00014091594,540.5,533.0,7.5
LRFN4,PTPRF,9.31854e-05,0.42556775,3.96567e-05,734.0,727.0,7.0
FZD10,WNT7B,3.4513107e-06,0.41520292,1.4329943e-06,1247.0,1240.0,7.0
ADORA2B,NT5E,0.00016566293,0.44619015,7.391717e-05,641.0,634.0,7.0
ITGB1,TNC,0.0016738856,0.4599119,0.0007698399,298.0,291.0,7.0
TNC,ITGB1,0.017187526,0.45738378,0.007861296,110.0,103.0,7.0
HCST,ULBP3,5.522098e-05,0.4730387,2.612166e-05,799.0,792.0,7.0
WNT10A,FZD1,2.7610486e-05,0.4278861,1.1814143e-05,952.0,945.0,7.0
FZD10,WNT2B,1.3805243e-05,0.4312142,5.953017e-06,1078.0,1071.0,7.0
LTC4S,CYSLTR1,0.0005349531,0.45049256,0.00024099239,445.0,438.0,7.0
GRM4,SLC1A3,1.0353932e-05,0.43118528,4.464463e-06,1130.0,1123.0,7.0
CYSLTR1,DPEP2,0.00012424718,0.44692802,5.5529545e-05,691.0,684.0,7.0
CCL3,CCR5,0.00073858094,0.43552783,0.00032167256,403.0,396.0,7.0
IL27,IL6ST,0.00149787,0.41955405,0.00062843744,314.0,307.0,7.0
TNF,TNFRSF1B,0.015876032,0.47028044,0.0074661877,113.0,106.0,7.0
TLR8,RNASET2,0.0017567138,0.4729541,0.000830845,289.0,282.0,7.0
ANXA1,FPR1,0.0007454832,0.43512943,0.0003243817,401.0,394.0,7.0
CXCL16,CXCR6,0.08928546,0.50763774,0.045324672,35.0,28.0,7.0
CGA,TSHR,0.00025884833,0.4354464,0.00011271458,572.5,566.0,6.5
BMPR1A,AMH,2.4159175e-05,0.42521623,1.0272874e-05,975.5,969.0,6.5
COL11A2,ITGB1,0.0028645878,0.4275626,0.0012247906,243.5,237.0,6.5
IGF1,GPC3,6.9026214e-06,0.41717556,2.879605e-06,1187.5,1181.0,6.5
COL6A3,ITGA2,0.00015876027,0.42668554,6.7740715e-05,654.5,648.0,6.5
HCST,MICA,0.0003313259,0.4373963,0.00014492072,532.0,526.0,6.0
TNFRSF14,TNFSF14,0.00891817,0.48246154,0.004302674,146.0,140.0,6.0
SEMA3C,NRP2,0.00019327344,0.44221726,8.5468855e-05,625.0,619.0,6.0
KITLG,KIT,2.0707865e-05,0.43610427,9.0307885e-06,1002.0,996.0,6.0
PVR,CD226,0.006740415,0.5096728,0.0034354064,170.0,164.0,6.0
VASN,JAG2,0.00057982013,0.4296425,0.00024911537,439.0,433.0,6.0
LRP6,WNT5B,1.0353932e-05,0.43017727,4.4540266e-06,1130.0,1124.0,6.0
SORL1,APP,0.003044057,0.42820588,0.001303483,233.0,227.0,6.0
WNT6,LRP6,1.3805243e-05,0.43084493,5.947919e-06,1078.0,1072.0,6.0
FGFR1,NCAM1,0.00017601684,0.44158047,7.77256e-05,638.0,632.0,6.0
WNT9A,FZD3,0.00011389327,0.44433326,5.0606566e-05,701.0,695.0,6.0
WNT3,FZD4,3.4513107e-06,0.41496935,1.4321881e-06,1247.0,1241.0,6.0
TNFSF10,TNFRSF10A,0.049854208,0.5305701,0.026451152,53.0,47.0,6.0
FN1,ITGA4,0.026257562,0.45967856,0.012070038,82.0,76.0,6.0
PECAM1,CD38,0.001463357,0.4236842,0.0006200013,317.0,311.0,6.0
CYSLTR1,ALOX5AP,0.023434551,0.4551293,0.010665751,89.0,83.0,6.0
L1CAM,CHL1,6.9026214e-06,0.41635945,2.8739717e-06,1187.5,1182.0,5.5
IL1RN,IL1RAP,5.1769664e-05,0.4268087,2.2095744e-05,818.5,813.0,5.5
TNFRSF10D,TNFSF10,0.001297689,0.4498247,0.00058373256,329.5,324.0,5.5
ITGB1,COL5A3,0.0003347771,0.43893206,0.00014694441,526.5,521.0,5.5
PTH2R,PTHLH,0.00012424719,0.44781497,5.5639754e-05,687.5,682.0,5.5
IL2RG,IL7,0.00028991012,0.43442756,0.00012594495,555.5,550.0,5.5
ACVR2A,BMP5,1.7256554e-05,0.42295304,7.2987123e-06,1032.5,1027.0,5.5
CCL22,DPP4,0.00045557308,0.41814885,0.00019049736,477.5,472.0,5.5
ITGA2,CDH1,3.1061798e-05,0.43474868,1.35040755e-05,928.5,923.0,5.5
CCR5,CCL5,0.07737141,0.43418646,0.033593617,40.5,35.0,5.5
NOTCH4,JAG2,0.0001656629,0.42472258,7.036077e-05,644.5,639.0,5.5
ADGRG6,COL4A1,7.2477524e-05,0.42906538,3.1097596e-05,769.0,764.0,5.0
LILRB2,CD1D,3.4513107e-06,0.41381356,1.4281992e-06,1247.0,1242.0,5.0
CCL3,CCR1,0.0005107942,0.44689113,0.0002282694,452.0,447.0,5.0
FDXR,NR1I2,3.796442e-05,0.41228473,1.5652151e-05,898.0,893.0,5.0
TNFSF10,TNFRSF10D,0.008852609,0.48119473,0.004259829,147.0,142.0,5.0
PVR,CD96,0.045381475,0.47631785,0.021616006,57.0,52.0,5.0
COL12A1,ITGA10,1.0353932e-05,0.43000272,4.452219e-06,1130.0,1125.0,5.0
BDNF,SORT1,1.3805243e-05,0.42800292,5.908684e-06,1078.0,1073.0,5.0
FN1,ITGA2,0.0009525616,0.44131872,0.00042038327,374.0,369.0,5.0
COL5A1,ITGA2,7.938014e-05,0.4203718,3.336917e-05,756.0,751.0,5.0
DSC2,DSG2,0.00073512946,0.42998347,0.0003160935,404.0,399.0,5.0
VCAM1,ITGA4,0.00218813,0.44296524,0.00096926553,266.0,261.0,5.0
TNFRSF12A,TNFSF12,0.018533526,0.45935336,0.008513438,102.0,97.0,5.0
LIFR,OSM,0.00084902294,0.4534058,0.0003849519,384.0,379.0,5.0
CD58,CD2,0.065043814,0.47258347,0.030738631,46.0,41.0,5.0
SLC29A4,ADORA2B,2.0707865e-05,0.43478343,9.003436e-06,1002.0,997.0,5.0
IL7,IL2RG,0.018064264,0.4406017,0.007959146,105.0,100.0,5.0
CCL5,ACKR2,1.7256554e-05,0.4229137,7.2980333e-06,1032.5,1028.0,4.5
COL13A1,ITGA2,0.0002381404,0.41447815,9.8704e-05,589.5,585.0,4.5
RTN4R,ADGRB1,6.9026214e-06,0.41630134,2.8735706e-06,1187.5,1183.0,4.5
ADORA1,NT5E,4.1415733e-05,0.4485729,1.8577975e-05,852.5,848.0,4.5
COL1A2,ITGA2,0.00039690066,0.43641523,0.0001732135,496.5,492.0,4.5
SFRP2,WNT1,0.00023814042,0.41658726,9.920626e-05,586.5,582.0,4.5
CXCR3,CXCL10,0.00018291954,0.43596864,7.974718e-05,633.5,629.0,4.5
ACVR1,TGFB3,0.00014495506,0.44503263,6.450973e-05,663.5,659.0,4.5
COL11A2,ITGA2,7.938014e-05,0.41585785,3.3010852e-05,756.0,752.0,4.0
COL6A1,ITGB1,0.011458351,0.45040244,0.0051608696,131.0,127.0,4.0
SLC18A2,ADRB2,0.00044867073,0.41802,0.00018755335,480.0,476.0,4.0
ALCAM,CD6,0.1431259,0.5135977,0.07350914,26.0,22.0,4.0
GRM4,GLS,0.00075583754,0.4282735,0.0003237052,399.0,395.0,4.0
COL13A1,ITGA10,1.0353932e-05,0.4291857,4.4437597e-06,1130.0,1126.0,4.0
IL18,IL18RAP,0.0015703473,0.4275895,0.000671464,307.0,303.0,4.0
TGFB3,TGFBR1,0.00062123616,0.42612222,0.00026472253,429.0,425.0,4.0
FDX1,NR1I2,0.00018291952,0.43027008,7.87048e-05,635.0,631.0,4.0
CYP19A1,GPER1,3.4513107e-06,0.41265938,1.4242157e-06,1247.0,1243.0,4.0
ITGA3,THBS1,0.0015185769,0.41155812,0.00062498264,312.0,308.0,4.0
DHCR7,RORC,0.00063849264,0.42079806,0.00026867646,427.0,423.0,4.0
TMEM219,IGFBP3,0.026954733,0.46325812,0.012486999,79.0,75.0,4.0
GDF11,TGFBR1,0.00041415746,0.43676564,0.00018088975,490.0,486.0,4.0
ACVR1,AMH,2.0707865e-05,0.4334319,8.975449e-06,1002.0,998.0,4.0
HCST,MICB,0.0006764573,0.4468123,0.00030224945,412.0,408.0,4.0
ITGB1,THBS1,0.01841274,0.43410888,0.007993135,103.0,99.0,4.0
JAG1,CD46,0.010405669,0.46891814,0.004879407,135.0,131.0,4.0
ROBO3,NELL2,0.0011423818,0.4642219,0.00053031865,341.0,337.0,4.0
SEMA3E,PLXND1,0.0014426477,0.4265863,0.0006154137,318.0,314.0,4.0
WNT10A,LRP6,2.7610486e-05,0.41975102,1.1589529e-05,952.0,948.0,4.0
COL13A1,ITGB1,0.008593763,0.43957362,0.0037775915,156.0,152.0,4.0
FZD3,WNT5A,1.3805243e-05,0.42685884,5.89289e-06,1078.0,1074.0,4.0
TGFB2,TGFBR3,0.0010630041,0.4430497,0.00047096366,352.0,348.0,4.0
RORC,DHCR24,0.0006557491,0.4239745,0.00027802092,420.5,417.0,3.5
FGF5,FGFR1,6.5574895e-05,0.4450573,2.9184586e-05,780.5,777.0,3.5
WNT6,SFRP2,3.7964423e-05,0.41987422,1.5940283e-05,891.5,888.0,3.5
CALCRL,CALCB,1.7256554e-05,0.42231473,7.287697e-06,1032.5,1029.0,3.5
LGR4,RSPO3,6.9026214e-06,0.4162417,2.873159e-06,1187.5,1184.0,3.5
COL12A1,ITGA1,0.0030647595,0.43297663,0.0013269692,229.5,226.0,3.5
CCL28,CCR10,0.00038654695,0.43776712,0.00016921754,498.5,495.0,3.5
VASN,JAG1,0.00014495506,0.44450518,6.4433276e-05,663.5,660.0,3.5
COL4A3,ITGA2,0.0002381404,0.41125563,9.793658e-05,589.5,586.0,3.5
GABRE,SLC6A8,5.176966e-05,0.41241357,2.135051e-05,823.5,820.0,3.5
FZD6,WNT2,2.4159175e-05,0.4162585,1.0056462e-05,975.5,972.0,3.5
BMP7,ACVR2A,3.451311e-05,0.42855448,1.4790747e-05,909.5,906.0,3.5
ITGB1,COL5A2,0.0010043313,0.43927756,0.0004411802,363.5,360.0,3.5
TNFRSF14,LTA,0.0024573344,0.4598628,0.0011300367,255.0,252.0,3.0
GABRA3,SLC6A8,1.3805243e-05,0.42652547,5.888288e-06,1078.0,1075.0,3.0
EGFR,AREG,0.29353434,0.49146506,0.14426187,14.0,11.0,3.0
CADM1,CRTAM,0.008807738,0.4470109,0.003937155,149.0,146.0,3.0
ITGA2,COL9A1,1.0353932e-05,0.42659885,4.4169756e-06,1130.0,1127.0,3.0
ITGAV,ADGRB1,4.141573e-05,0.42204794,1.7479424e-05,872.0,869.0,3.0
FAS,FASLG,0.008835359,0.46163028,0.004078669,148.0,145.0,3.0
WNT7B,LRP5,2.0707865e-05,0.43274263,8.961176e-06,1002.0,999.0,3.0
LTB4R,PTGR1,2.0707866e-05,0.46204975,9.568064e-06,986.0,983.0,3.0
TNF,TNFRSF1A,0.0038654697,0.4417288,0.0017074893,217.0,214.0,3.0
PTGES2,PTGER2,0.02589863,0.41987988,0.010874313,84.0,81.0,3.0
SELPLG,SELP,3.4513107e-06,0.4116604,1.420768e-06,1247.0,1244.0,3.0
ADGRB2,TAX1BP3,0.00012079588,0.4303209,5.198099e-05,695.0,692.0,3.0
DHCR7,NR1H3,0.0026816688,0.4303671,0.001154102,252.0,249.0,3.0
ADORA2B,SLC29A1,0.0001242472,0.4499938,5.591047e-05,684.0,681.0,3.0
CCR5,CCL3,0.005584227,0.42689997,0.0023839064,192.0,189.0,3.0
FZD6,WNT2B,9.66367e-05,0.41999832,4.0587252e-05,728.0,725.0,3.0
NTN4,NTRK2,0.00010353932,0.42225555,4.3720054e-05,714.0,711.0,3.0
CXCL10,DPP4,0.004859446,0.44497147,0.002162315,199.0,196.0,3.0
ITGB1,COL10A1,0.0006695542,0.44096494,0.00029524995,414.0,411.0,3.0
TNFRSF14,CD160,0.0036169759,0.46001238,0.0016638536,219.0,216.0,3.0
GABBR1,SLC6A8,1.7256554e-05,0.42072803,7.260316e-06,1032.5,1030.0,2.5
SLC1A3,GRM2,6.9026214e-06,0.41576278,2.869853e-06,1187.5,1185.0,2.5
COL6A3,ITGA1,0.002043173,0.42466173,0.00086765736,276.5,274.0,2.5
ADORA1,SLC29A2,2.761049e-05,0.45182744,1.2475177e-05,939.5,937.0,2.5
SLC29A1,ADORA2B,0.00016566292,0.42177108,6.987183e-05,642.5,640.0,2.5
HBEGF,ERBB2,4.1415733e-05,0.4439974,1.8388479e-05,852.5,850.0,2.5
ACVR1B,GDF11,0.0004486703,0.41370273,0.00018561613,481.5,479.0,2.5
EPHA4,EFNA1,9.663671e-05,0.43145108,4.1694013e-05,723.5,721.0,2.5
SDC2,FGFR4,5.522097e-05,0.41982982,2.3183411e-05,808.5,806.0,2.5
WNT6,SFRP1,4.8318354e-05,0.4211398,2.0348782e-05,829.5,827.0,2.5
ITGB1,FN1,0.006695541,0.45244133,0.0030293395,171.5,169.0,2.5
MICB,HCST,0.014195272,0.4479654,0.006358991,118.0,116.0,2.0
LRP6,WNT7B,1.0353932e-05,0.42609313,4.4117396e-06,1130.0,1128.0,2.0
ACKR2,CCL3,0.01675268,0.42531073,0.007125095,111.0,109.0,2.0
HLA-E,KLRK1,0.05141075,0.4620679,0.023755258,52.0,50.0,2.0
CXCL12,DPP4,0.00030371538,0.42921636,0.00013035961,546.0,544.0,2.0
NT5E,ADORA2A,0.0005798204,0.42264476,0.00024505807,436.0,434.0,2.0
CD2,CD58,0.0034996185,0.4678352,0.0016372447,220.0,218.0,2.0
WNT9A,LRP6,4.141573e-05,0.4216152,1.7461502e-05,872.0,870.0,2.0
ADORA1,ENTPD1,0.00030026422,0.43160275,0.00012959486,549.0,547.0,2.0
CDH1,ITGA2,0.0028576856,0.40501767,0.0011574131,249.0,247.0,2.0
ITGB1,VCAM1,0.021760516,0.43621325,0.009492225,94.0,92.0,2.0
HSD17B12,AR,0.00060743093,0.4194344,0.00025477743,432.0,430.0,2.0
COL12A1,ITGB1,0.008593763,0.42443004,0.0036474513,156.0,154.0,2.0
APP,TYROBP,0.26381806,0.43791127,0.115528904,16.0,14.0,2.0
CLU,TREM2,0.0007178729,0.43187788,0.00031003344,407.0,405.0,2.0
PLAUR,ITGA4,0.052515134,0.4548969,0.023888972,51.0,49.0,2.0
ITGB1,COL1A1,0.009373757,0.4728422,0.0044323076,139.0,137.0,2.0
WNT10A,FZD5,2.0707865e-05,0.43171898,8.939978e-06,1002.0,1000.0,2.0
ITGB1,COL6A1,0.0040173256,0.43579093,0.001750714,214.0,212.0,2.0
PLAUR,ITGB1,0.06875012,0.4451557,0.03060451,45.0,43.0,2.0
ADGRE5,CD55,0.006450493,0.45998794,0.002967149,173.0,171.0,2.0
CDH1,KLRG1,0.032801244,0.47262296,0.015502621,66.0,64.0,2.0
FZD8,WNT10A,0.00020362741,0.4279217,8.713659e-05,617.0,615.0,2.0
ITGB1,CD40LG,0.034816835,0.4588457,0.015975555,63.0,61.0,2.0
CCL3,CCR3,1.3805243e-05,0.42484948,5.8651503e-06,1078.0,1076.0,2.0
CYSLTR1,ALOX5,2.7610486e-05,0.41401592,1.1431181e-05,952.0,950.0,2.0
FZD4,WNT1,7.938014e-05,0.41462743,3.2913184e-05,756.0,754.0,2.0
IFNGR1,CD93,0.00046937843,0.44002125,0.00020653648,462.0,460.0,2.0
IL15,IL2RB,0.0129079,0.4660557,0.0060158004,124.0,122.0,2.0
IL1RN,IL1R2,3.4513107e-06,0.41163203,1.4206701e-06,1247.0,1245.0,2.0
ITGA2,COL3A1,0.00017601684,0.4156442,7.316038e-05,638.0,636.0,2.0
CHRNB1,SLC10A4,1.7256554e-05,0.4153878,7.168162e-06,1032.5,1031.0,1.5
ACKR1,CCL5,0.07737141,0.41527873,0.032130703,40.5,39.0,1.5
ITGB1,COL9A1,0.0003347771,0.4335873,0.0001451551,526.5,525.0,1.5
ITGA2,FN1,0.00020707863,0.4236388,8.772654e-05,615.5,614.0,1.5
WNT4,SFRP2,3.7964423e-05,0.41496265,1.5753818e-05,891.5,890.0,1.5
GJA1,GJA5,6.9026214e-06,0.41505894,2.8649947e-06,1187.5,1186.0,1.5
COL1A1,ITGB1,0.028645877,0.4403985,0.0126156015,75.5,74.0,1.5
ITGA2,COL16A1,3.1061798e-05,0.42532036,1.32112145e-05,928.5,927.0,1.5
FZD6,WNT5B,2.4159175e-05,0.41155097,9.942732e-06,975.5,974.0,1.5
IL10RB,IL26,4.831835e-05,0.40203363,1.94256e-05,836.5,835.0,1.5
ITGB1,L1CAM,0.00468688,0.4375108,0.0020505604,203.0,202.0,1.0
PTGR1,LTB4R2,0.004597147,0.44576067,0.0020492272,204.0,203.0,1.0
FPR2,CCL23,2.4159177e-05,0.43417716,1.04893625e-05,965.0,964.0,1.0
DHCR7,NR1H2,0.048397552,0.4244662,0.020543125,56.0,55.0,1.0
ITGA3,FN1,0.0005522097,0.42639354,0.00023545863,443.0,442.0,1.0
COL4A4,ADGRG6,2.7610486e-05,0.40943164,1.1304606e-05,952.0,951.0,1.0
TGFBR1,TGFB1,0.032666624,0.43949202,0.01435672,68.0,67.0,1.0
TYROBP,CLU,0.0021536194,0.41765264,0.0008994648,270.0,269.0,1.0
COL1A1,ITGA2,0.00079380133,0.42106885,0.000334245,393.0,392.0,1.0
ULBP2,HCST,0.014195272,0.4406596,0.006255283,118.0,117.0,1.0
NOTCH2,JAG1,0.00072477537,0.4290414,0.00031095863,405.0,404.0,1.0
PTGES2,PTGER4,0.10678376,0.42492008,0.045374565,28.0,27.0,1.0
ITGA2,COL4A2,4.141573e-05,0.41543046,1.7205355e-05,872.0,871.0,1.0
GLRB,SHMT1,0.00026920228,0.4306369,0.00011592844,564.0,563.0,1.0
ITGA2,COL5A1,1.0353932e-05,0.42556053,4.406225e-06,1130.0,1129.0,1.0
ITGB1,COL3A1,0.0056912103,0.4335011,0.002467146,188.0,187.0,1.0
L1CAM,ITGA5,0.00030371538,0.42827484,0.00013007366,546.0,545.0,1.0
MICA,HCST,0.2555149,0.4144246,0.10589165,18.0,17.0,1.0
CD74,APP,0.025222186,0.4207872,0.010613172,85.0,84.0,1.0
BSG,PPIA,3.5813859,0.51780987,1.8544769,4.0,3.0,1.0
C3,ITGAM,8.628275e-05,0.41678578,3.5961424e-05,739.0,738.0,1.0
PODXL2,SELP,7.5928845e-05,0.4195504,3.1855976e-05,762.0,761.0,1.0
IFNGR1,IFNG,0.46597546,0.4326289,0.20159446,9.0,8.0,1.0
PLXNA4,APLP2,0.0015737988,0.42213866,0.00066436135,306.0,305.0,1.0
ITGAE,CDH1,0.00024849444,0.42169315,0.0001047884,575.0,574.0,1.0
FZD8,RSPO1,3.4513107e-06,0.40995884,1.4148953e-06,1247.0,1246.0,1.0
LIFR,LIF,2.0707865e-05,0.42997125,8.903787e-06,1002.0,1001.0,1.0
GGT1,CYSLTR1,0.0010699062,0.43338144,0.00046367748,350.0,349.0,1.0
ITGB6,TGFB3,0.00036238765,0.4267303,0.00015464179,512.0,511.0,1.0
EPHA1,EFNA3,1.3805243e-05,0.42446944,5.859904e-06,1078.0,1077.0,1.0
APP,CD74,5.107297,0.46139285,2.3564703,2.0,1.0,1.0
LTBR,LTB,0.2499309,0.4188292,0.10467836,19.0,18.0,1.0
AGRN,NCAM1,0.0012907904,0.43697166,0.0005640388,332.0,331.0,1.0
ACKR2,CCL5,0.23211424,0.4383934,0.101757355,20.0,19.0,1.0
CLU,TYROBP,0.043969695,0.42391306,0.018639328,59.0,58.0,1.0
CD47,SIRPG,0.044338897,0.4234365,0.018774707,58.0,57.0,1.0
COL4A3,ITGB1,0.008593763,0.41948944,0.003604993,156.0,155.0,1.0
GPR39,GHRL,0.000103539336,0.4224548,4.374069e-05,710.5,710.0,0.5
TNC,ITGA4,0.013128781,0.46712497,0.0061327815,121.5,121.0,0.5
COL1A2,ITGB1,0.014322938,0.4487922,0.006428023,115.5,115.0,0.5
WNT10A,FZD7,3.451311e-05,0.42146286,1.45459935e-05,909.5,909.0,0.5
IL20RA,IL26,0.00019327347,0.43222377,8.353739e-05,623.5,623.0,0.5
GABRQ,SLC6A8,6.9026214e-06,0.4145448,2.8614456e-06,1187.5,1187.0,0.5
EPHA1,EFNA4,0.0001311498,0.4352325,5.7080655e-05,678.5,678.0,0.5
ITGAV,FN1,0.0008283145,0.40841478,0.00033829588,388.5,388.0,0.5
COL4A4,ITGA1,0.002043173,0.42266226,0.0008635721,276.5,276.0,0.5
SLC6A8,GABBR1,8.283146e-05,0.41124767,3.4064244e-05,749.5,749.0,0.5
ADM,GPER1,2.4159175e-05,0.40805313,9.858227e-06,975.5,975.0,0.5
COL3A1,ITGA10,1.7256554e-05,0.41519114,7.1647682e-06,1032.5,1032.0,0.5
COL4A4,ITGA2,0.00015876027,0.41696203,6.6197004e-05,654.5,654.0,0.5
ITGB1,COL16A1,0.0010043313,0.43214187,0.0004340136,363.5,363.0,0.5
CCL5,CCR1,0.0012769855,0.4287218,0.0005474715,334.0,334.0,0.0
INHBB,ACVR1,0.0017394609,0.441339,0.0007676919,292.0,292.0,0.0
ITGB1,ADGRE5,0.44425076,0.41919923,0.18622957,10.0,10.0,0.0
CD55,ADGRE5,0.27479443,0.40453717,0.11116456,15.0,15.0,0.0
WNT3,FZD5,1.0353932e-05,0.42273286,4.3769473e-06,1130.0,1130.0,0.0
ITGB1,COL4A4,0.0006695542,0.43005747,0.00028794678,414.0,414.0,0.0
FZD8,WNT5B,3.4513107e-06,0.40980116,1.4143511e-06,1247.0,1247.0,0.0
FZD4,WNT2B,1.3805243e-05,0.42241928,5.831601e-06,1078.0,1078.0,0.0
IFNGR2,IFNG,0.6167322,0.40360826,0.2489182,7.0,7.0,0.0
CD47,SIRPA,0.00050044013,0.43462035,0.00021750147,454.0,454.0,0.0
CD44,TYROBP,0.21139261,0.42055234,0.08890166,21.0,21.0,0.0
PTGES3,PTGER4,0.7322313,0.39593196,0.28991377,6.0,6.0,0.0
ITGB1,ADGRE2,0.012051976,0.42801714,0.0051584523,128.0,128.0,0.0
EFNA1,EPHA4,0.017332494,0.42555717,0.007375967,108.0,108.0,0.0
ADORA2B,ENTPD1,0.0012010569,0.43802878,0.0005260975,339.0,339.0,0.0
CD70,CD27,0.019527517,0.4241281,0.008282169,98.0,98.0,0.0
CCR5,CCL4,0.08775279,0.37719473,0.03309989,36.0,36.0,0.0
PTGES2,PTGER3,9.663672e-05,0.43446282,4.1985062e-05,720.0,720.0,0.0
RAET1E,HCST,0.014195272,0.44024575,0.0062494082,118.0,118.0,0.0
CXCL2,DPP4,0.007441027,0.4656101,0.0034646173,163.0,163.0,0.0
B2M,IL6ST,1.2567127,0.42030653,0.52820456,5.0,5.0,0.0
APP,TREM2,0.004307236,0.44376445,0.0019113983,207.0,207.0,0.0
CXCL10,CXCR3,0.091887645,0.39448324,0.036248136,32.0,32.0,0.0
FZD10,WNT1,7.938014e-05,0.41256276,3.274929e-05,756.0,756.0,0.0
ITGB1,COL1A2,0.006360764,0.4393229,0.0027944292,175.0,175.0,0.0
CD99,PILRA,0.0032787449,0.45892382,0.0015046941,222.0,222.0,0.0
FPR2,ALOX5AP,0.011717276,0.4368472,0.005118659,129.0,129.0,0.0
PLA2G2A,ITGA4,0.021881301,0.42910078,0.009389283,93.0,93.0,0.0
WNT6,FZD7,1.7256554e-05,0.41400772,7.144347e-06,1032.5,1033.0,-0.5
WNT4,LRP5,6.9026214e-06,0.41427737,2.8595998e-06,1187.5,1188.0,-0.5
VCAM1,ITGAD,3.4513112e-05,0.43698466,1.50817e-05,901.5,902.0,-0.5
COL16A1,ITGA1,0.002043173,0.42074668,0.00085965823,276.5,277.0,-0.5
NOTCH1,JAG2,0.0001656629,0.41539857,6.881613e-05,644.5,645.0,-0.5
COL1A2,ITGA1,0.0051079327,0.42034483,0.0021470932,197.5,198.0,-0.5
ADGRG6,COL4A4,4.831835e-05,0.4010783,1.9379442e-05,836.5,837.0,-0.5
LRP5,WNT2,5.522097e-05,0.40757358,2.2506609e-05,808.5,809.0,-0.5
ITGA2,COL1A2,0.0001967247,0.42480913,8.357045e-05,621.5,622.0,-0.5
CXCR5,CXCL13,0.011403132,0.4117998,0.0046958076,132.5,133.0,-0.5
ITGA2,COL5A2,3.1061798e-05,0.42369124,1.3160612e-05,928.5,929.0,-0.5
IL2RG,IL4,6.2123596e-05,0.4323367,2.685831e-05,786.5,787.0,-0.5
DHCR24,RORA,0.16020995,0.38856113,0.06225136,24.0,25.0,-1.0
FN1,ITGB1,0.034375053,0.45043427,0.015483702,64.0,65.0,-1.0
PTGES3,PTGER2,0.17759055,0.3940328,0.0699765,23.0,24.0,-1.0
HLA-E,KLRD1,0.5253181,0.37888342,0.19903432,8.0,9.0,-1.0
PPIA,BSG,3.974185,0.4593465,1.825528,3.0,4.0,-1.0
TNFRSF21,APP,0.002391759,0.43430704,0.0010387579,257.0,258.0,-1.0
COL8A1,ITGA1,0.0010215865,0.43527064,0.0004446666,357.0,358.0,-1.0
FPR2,APP,0.00021743265,0.42730317,9.290966e-05,601.0,602.0,-1.0
CCL5,CCR4,0.0002933614,0.4197502,0.00012313851,553.0,554.0,-1.0
ITGA2,COL10A1,2.0707865e-05,0.42248204,8.748701e-06,1002.0,1003.0,-1.0
LGR4,RSPO1,3.4513107e-06,0.40940437,1.4129816e-06,1247.0,1248.0,-1.0
TGFB3,TGFBR2,0.004286513,0.42723757,0.0018313595,208.0,209.0,-1.0
LIFR,CLCF1,0.00017946812,0.4065224,7.295781e-05,636.0,637.0,-1.0
EFNA1,EPHA1,0.024880521,0.40923074,0.010181874,87.0,88.0,-1.0
SFRP2,WNT5B,1.0353932e-05,0.4220788,4.3701752e-06,1130.0,1131.0,-1.0
CDH1,ITGB1,0.103125185,0.40397435,0.04165993,29.0,30.0,-1.0
P4HB,LGALS9,0.32169014,0.41296762,0.1328476,12.0,13.0,-1.0
EGFR,HBEGF,0.004038033,0.43149117,0.0017423755,212.0,213.0,-1.0
SIGLEC15,CD44,0.1779851,0.3939811,0.07012276,22.0,23.0,-1.0
COL16A1,ITGB1,0.0057291756,0.4422938,0.0025339788,183.0,184.0,-1.0
RORC,DHCR7,0.005114845,0.42187268,0.0021578134,196.0,197.0,-1.0
PTPRF,IL1RAP,0.004452192,0.43144938,0.0019208955,205.0,206.0,-1.0
ITGB2,VCAM1,0.000897341,0.4184603,0.00037550158,379.0,380.0,-1.0
RYK,WNT1,0.0006350411,0.40305293,0.00025595518,428.0,429.0,-1.0
SLC6A11,GABBR1,4.141573e-05,0.41261068,1.7088572e-05,872.0,873.0,-1.0
AR,SRD5A3,0.038154256,0.4169144,0.015907058,61.0,62.0,-1.0
LPAR2,ADGRE5,0.15571682,0.39764234,0.061919603,25.0,26.0,-1.0
IL6ST,B2M,5.7201486,0.34568748,1.9773837,1.0,2.0,-1.0
IL20RA,IL20,9.663674e-05,0.43638432,4.2170755e-05,718.0,719.0,-1.0
CDH1,ITGAE,0.07293305,0.40587017,0.029601349,43.0,44.0,-1.0
ANXA1,FPR3,0.0011182249,0.44239905,0.0004947017,343.0,344.0,-1.0
AR,HSD17B12,0.0700444,0.41522542,0.029084215,44.0,45.0,-1.0
APP,PLXNA4,0.0016152133,0.41627,0.00067236484,301.0,302.0,-1.0
ADM,RAMP3,9.66367e-05,0.4072482,3.9355124e-05,728.0,729.0,-1.0
CD24,SELP,0.082044534,0.39239538,0.032193895,37.0,38.0,-1.0
APOE,TYROBP,0.060881104,0.41368502,0.025185602,47.0,48.0,-1.0
CLEC2D,KLRB1,0.0055911285,0.41166356,0.0023016639,191.0,192.0,-1.0
ALOX5,CYSLTR1,0.00021398124,0.42069358,9.0020534e-05,607.0,608.0,-1.0
HLA-E,KLRC1,0.39350456,0.3606514,0.14191797,11.0,12.0,-1.0
COL4A2,ADGRG6,1.3805243e-05,0.42083746,5.8097635e-06,1078.0,1079.0,-1.0
IL23A,IL23R,3.451311e-05,0.40887254,1.4111462e-05,909.5,911.0,-1.5
ITGB1,SPP1,0.006695541,0.432658,0.0028968793,171.5,173.0,-1.5
LAMA3,ITGB1,0.0028645878,0.40906763,0.0011718102,243.5,245.0,-1.5
ITGB1,JAM2,0.0003347771,0.43032795,0.00014406395,526.5,528.0,-1.5
COL18A1,ITGA10,6.9026214e-06,0.41143033,2.839948e-06,1187.5,1189.0,-1.5
ACVR2A,GDF11,0.0004486703,0.40753445,0.0001828486,481.5,483.0,-1.5
SFRP1,WNT2,8.283147e-05,0.42068368,3.484585e-05,742.5,744.0,-1.5
TNFRSF13C,TNFSF13B,0.0002139813,0.4257606,9.1104805e-05,604.5,606.0,-1.5
FZD1,WNT5B,1.7256554e-05,0.40881345,7.054711e-06,1032.5,1034.0,-1.5
ITGB1,COL4A2,0.0013391085,0.43034938,0.0005762845,325.5,327.0,-1.5
LRP6,WNT7A,2.0707865e-05,0.42089283,8.715791e-06,1002.0,1004.0,-2.0
INHBB,ACVR1B,0.0016428242,0.41461867,0.0006811456,299.0,301.0,-2.0
CD47,TYROBP,0.049043108,0.40573946,0.019898724,54.0,56.0,-2.0
FGA,ITGB2,0.09415194,0.37318888,0.035136458,31.0,33.0,-2.0
SEMA6D,TYROBP,0.0016911416,0.4115022,0.0006959085,295.0,297.0,-2.0
EFNA4,EPHA4,0.0068474044,0.44295865,0.003033117,166.0,168.0,-2.0
ITGA2,COL18A1,0.00033132578,0.40179563,0.00013312524,538.0,540.0,-2.0
EFNA1,EPHA2,0.00027955626,0.41620702,0.00011635328,560.0,562.0,-2.0
ACKR1,CXCL8,0.00034167978,0.4287927,0.00014650979,521.0,523.0,-2.0
PLXNA4,APP,0.0008697306,0.4180105,0.00036355652,381.0,383.0,-2.0
GDF11,ACVR1B,0.00011734456,0.4205797,4.935274e-05,697.0,699.0,-2.0
AGRN,PTPRS,0.00030371538,0.42200425,0.00012816918,546.0,548.0,-2.0
COL9A3,ITGB1,0.0057291756,0.44088754,0.0025259221,183.0,185.0,-2.0
AKR1C3,PTGDR,0.004693786,0.4326794,0.0020309046,202.0,204.0,-2.0
ITGB6,TGFB1,0.032666624,0.4297015,0.014036898,68.0,70.0,-2.0
CALCA,RAMP1,2.4159177e-05,0.42652494,1.0304491e-05,965.0,967.0,-2.0
ITGB2,FGG,2.7610486e-05,0.4012826,1.1079607e-05,952.0,954.0,-2.0
CCL5,CCR5,0.0018464524,0.43374556,0.0008008905,286.0,288.0,-2.0
FZD10,WNT5A,3.4513107e-06,0.40688586,1.4042895e-06,1247.0,1249.0,-2.0
ITGB2,ICAM2,0.0014219409,0.4162977,0.0005919507,320.0,322.0,-2.0
WNT3,FZD6,4.4867047e-05,0.4174444,1.8729497e-05,843.0,845.0,-2.0
DHCR7,RORA,0.1077776,0.40502697,0.043652836,27.0,29.0,-2.0
WNT4,FZD1,1.3805243e-05,0.4200332,5.79866e-06,1078.0,1080.0,-2.0
ITGB1,COL9A2,0.008704202,0.4320458,0.003760614,151.0,153.0,-2.0
APOE,TREM2,0.0009939778,0.4216499,0.00041911064,368.0,370.0,-2.0
ACVR1,TGFB1,0.01306665,0.42177367,0.0055111693,123.0,125.0,-2.0
WNT4,FZD5,1.0353932e-05,0.42186424,4.367954e-06,1130.0,1132.0,-2.0
ERBB3,NRG2,0.00046592712,0.43411657,0.00020226669,463.0,465.0,-2.0
FZD8,WNT1,7.938014e-05,0.40980783,3.2530603e-05,756.0,758.0,-2.0
ITGB1,COL6A2,0.0063607646,0.434644,0.0027646683,174.0,176.0,-2.0
CELSR3,DAG1,9.318537e-05,0.37900606,3.5317822e-05,737.0,739.0,-2.0
DAG1,CELSR3,0.00022778653,0.41591194,9.473914e-05,596.0,598.0,-2.0
ITGAV,TGFB1,0.0261333,0.39930964,0.0104352785,83.0,85.0,-2.0
EZR,L1CAM,0.0060881106,0.44538522,0.0027115545,177.0,179.0,-2.0
COL6A1,ITGA1,0.004086346,0.43279913,0.0017685669,209.0,211.0,-2.0
RORA,LIPA,0.007144219,0.42759982,0.0030548666,165.0,167.0,-2.0
COL4A1,ITGA1,0.0010215865,0.4336116,0.00044297174,357.0,359.0,-2.0
LRP5,WNT10A,0.0032580385,0.42508575,0.0013849458,223.0,225.0,-2.0
ITGA2,COL9A2,0.00026920217,0.41187808,0.00011087847,566.0,568.0,-2.0
CXCR3,CXCL9,6.902621e-05,0.4206787,2.9037856e-05,777.0,779.0,-2.0
KLRD1,HLA-E,0.0226647,0.41107473,0.009316885,92.0,94.0,-2.0
ITGB1,COL6A3,0.0033477715,0.43806967,0.0014665572,221.0,223.0,-2.0
GAL,GALR2,4.141573e-05,0.41185182,1.7057144e-05,872.0,874.0,-2.0
CCL5,CCR3,3.451311e-05,0.40835595,1.4093634e-05,909.5,912.0,-2.5
WNT3,SFRP2,3.7964423e-05,0.4121317,1.5646341e-05,891.5,894.0,-2.5
FGFR4,SDC2,0.0002484944,0.4104817,0.00010200241,576.5,579.0,-2.5
INHA,ACVR2A,1.7256554e-05,0.4082644,7.0452365e-06,1032.5,1035.0,-2.5
WNT3,SFRP1,4.8318354e-05,0.40481582,1.9560035e-05,829.5,832.0,-2.5
NOTCH1,JAG1,4.1415733e-05,0.43968678,1.820995e-05,852.5,855.0,-2.5
COL13A1,ITGA1,0.0030647595,0.40468094,0.0012402497,229.5,232.0,-2.5
WNT9A,FZD5,3.1061798e-05,0.41833466,1.2994226e-05,928.5,931.0,-2.5
RXRB,ALDH1A1,7.592884e-05,0.4012431,3.046592e-05,765.5,768.0,-2.5
MADCAM1,ITGA4,0.013128781,0.4350904,0.0057122065,121.5,124.0,-2.5
GLRB,SLC6A9,6.9026214e-06,0.4108213,2.8357438e-06,1187.5,1190.0,-2.5
COL3A1,ITGA1,0.0051079327,0.40648827,0.0020763148,197.5,200.0,-2.5
DSC2,DSG1,0.00024504313,0.3959449,9.702358e-05,584.0,587.0,-3.0
ITGAV,ADGRE5,0.054958865,0.3781761,0.020784128,50.0,53.0,-3.0
DSC1,DSG1,3.4513107e-06,0.4051277,1.3982216e-06,1247.0,1250.0,-3.0
IL2RG,IL2,0.009194286,0.45307332,0.0041656857,141.0,144.0,-3.0
LTB4R2,LTA4H,0.0013356582,0.4273325,0.0005707702,327.0,330.0,-3.0
WNT9A,SFRP2,0.00011389327,0.4061861,4.6261863e-05,701.0,704.0,-3.0
EFNA3,EPHA2,9.663672e-05,0.42463398,4.1035237e-05,720.0,723.0,-3.0
FGG,ITGB2,0.3059938,0.3590436,0.109865114,13.0,16.0,-3.0
ITGA6,IGF1,0.0006074308,0.39747024,0.00024143567,433.0,436.0,-3.0
LAMC1,ITGA7,1.3805243e-05,0.41851857,5.7777506e-06,1078.0,1081.0,-3.0
ADORA1,SLC29A1,3.10618e-05,0.43552083,1.3528062e-05,918.0,921.0,-3.0
PNOC,OPRL1,1.0353932e-05,0.41866922,4.3348728e-06,1130.0,1133.0,-3.0
THBS1,ITGB1,0.04010423,0.38876647,0.015591179,60.0,63.0,-3.0
SLC6A8,GABRE,2.7610486e-05,0.3974664,1.09742405e-05,952.0,955.0,-3.0
CD320,JAML,0.032649275,0.39644766,0.012943729,70.0,73.0,-3.0
COL1A1,ITGA1,0.010215865,0.4214914,0.0043058996,136.0,139.0,-3.0
PDGFRB,PDGFD,6.557491e-05,0.4230031,2.7738392e-05,778.0,781.0,-3.0
ITGB1,SEMA7A,0.00903898,0.43467754,0.003929042,144.0,147.0,-3.0
TGFBR2,TGFB3,0.00036238765,0.41855416,0.00015167886,512.0,515.0,-3.0
WNT9A,FZD1,4.141573e-05,0.40944198,1.6957338e-05,872.0,875.0,-3.0
TGFB1,ACVR1,6.212359e-05,0.40630496,2.5241123e-05,792.0,795.0,-3.0
DSG2,DSC2,0.0011113221,0.4243484,0.00047158776,344.0,347.0,-3.0
HLA-E,KLRC2,0.0575955,0.3815664,0.021976508,48.0,51.0,-3.0
SFRP1,WNT2B,0.0003313259,0.42245892,0.00013997158,532.0,535.0,-3.0
COL6A3,ITGB1,0.0057291756,0.43084702,0.0024683983,183.0,186.0,-3.0
DLK1,NOTCH3,0.0004452191,0.4058544,0.00018069413,484.0,487.0,-3.0
ACKR2,CCL4,0.26325837,0.37898016,0.0997697,17.0,20.0,-3.0
IFNAR2,IFNE,2.4159175e-05,0.40351376,9.74856e-06,975.5,979.0,-3.5
IL6ST,CLCF1,0.0016152131,0.39034653,0.0006304928,302.5,306.0,-3.5
ITGB1,COL8A2,0.0003347771,0.4276335,0.0001431619,526.5,530.0,-3.5
RARG,ALDH1A1,4.831835e-05,0.3994712,1.930179e-05,836.5,840.0,-3.5
SFRP1,WNT5B,8.283147e-05,0.41401163,3.4293193e-05,742.5,746.0,-3.5
ACKR4,CXCL13,0.011403132,0.3918628,0.0044684634,132.5,136.0,-3.5
LTA4H,LTB4R,0.0006626518,0.41515467,0.00027510297,416.5,420.0,-3.5
INHA,ACVR1B,5.867228e-05,0.417842,2.4515744e-05,794.5,798.0,-3.5
ICAM1,ITGAL,0.017770777,0.39876533,0.0070863697,106.5,110.0,-3.5
ADM2,GPER1,1.7256554e-05,0.407883,7.038655e-06,1032.5,1036.0,-3.5
IL12RB1,IL23A,9.663668e-05,0.37972382,3.6695248e-05,732.5,736.0,-3.5
JAG1,NOTCH3,3.1061798e-05,0.41666576,1.2942388e-05,928.5,932.0,-3.5
PLA2G2A,ITGB1,0.028645877,0.41183072,0.011797252,75.5,79.0,-3.5
PTPRC,LGALS9,0.00042106022,0.41163552,0.00017332334,487.5,491.0,-3.5
COL4A3,ITGA1,0.0030647595,0.40317857,0.0012356454,229.5,233.0,-3.5
GRM4,GLS2,6.9026214e-06,0.41067535,2.8347365e-06,1187.5,1191.0,-3.5
NOTCH4,JAG1,4.1415733e-05,0.43948278,1.8201501e-05,852.5,856.0,-3.5
GDF11,ACVR2A,3.451311e-05,0.4071684,1.4052646e-05,909.5,913.0,-3.5
PTGES2,PTGER1,9.663672e-05,0.42283958,4.0861833e-05,720.0,724.0,-4.0
WNT4,FZD6,4.4867047e-05,0.41693583,1.870668e-05,843.0,847.0,-4.0
NR1H3,DHCR7,0.0024228215,0.40071976,0.00097087247,256.0,260.0,-4.0
CXCL12,CXCR4,0.04842863,0.36803666,0.01782351,55.0,59.0,-4.0
CRABP2,ALDH1A1,0.00025539706,0.39996877,0.00010215084,574.0,578.0,-4.0
ADGRG6,LAMA2,9.66367e-05,0.39546454,3.821639e-05,728.0,732.0,-4.0
AGRN,LRP4,7.5928845e-05,0.40550274,3.0789353e-05,762.0,766.0,-4.0
IL7,IL7R,0.023013387,0.4029326,0.0092728445,91.0,95.0,-4.0
JAG1,NOTCH2,0.0023606978,0.40861508,0.0009646167,258.0,262.0,-4.0
ITGB1,COL18A1,0.010712865,0.41136506,0.0044068983,134.0,138.0,-4.0
TGFBR2,TGFB1,0.032666624,0.41766936,0.013643848,68.0,72.0,-4.0
EPO,EPOR,0.00041415755,0.41443703,0.00017164223,489.0,493.0,-4.0
HCST,ULBP2,0.00068336003,0.42791408,0.00029241937,409.0,413.0,-4.0
PTPRF,LRFN4,0.0029681283,0.41075632,0.0012191775,234.0,238.0,-4.0
ITGB2,ICAM1,0.0015047723,0.40675747,0.0006120774,313.0,317.0,-4.0
IL12A,IL6ST,0.002246805,0.4016325,0.0009023899,264.0,268.0,-4.0
PLAUR,ITGAV,0.0038930804,0.41451135,0.001613726,215.0,219.0,-4.0
LTBR,TNFSF14,0.035672687,0.42554396,0.015180296,62.0,66.0,-4.0
ACKR1,CCL2,9.6636686e-05,0.38146627,3.6863636e-05,731.0,735.0,-4.0
DLK1,NOTCH1,0.029384473,0.40161082,0.011801123,74.0,78.0,-4.0
FZD4,WNT2,3.4513107e-06,0.40404993,1.3945019e-06,1247.0,1251.0,-4.0
PLXNB3,SEMA5A,1.3805243e-05,0.418512,5.7776597e-06,1078.0,1082.0,-4.0
TNFRSF1A,LTA,0.0061433357,0.44058624,0.0027066693,176.0,180.0,-4.0
LILRB2,HLA-F,0.0028749427,0.41544154,0.0011943707,238.0,242.0,-4.0
GPR37,PSAP,0.003879271,0.41491506,0.0016095679,216.0,220.0,-4.0
IGF1,ITGB4,1.0353932e-05,0.41623494,4.3096684e-06,1130.0,1134.0,-4.0
COL3A1,ADGRG1,0.001294242,0.4167488,0.0005393738,331.0,335.0,-4.0
COL4A2,ITGA1,0.0010215865,0.42987806,0.00043915762,357.0,361.0,-4.0
NOTCH3,JAG2,0.0009939774,0.4162831,0.000413776,369.0,373.0,-4.0
EDN1,EDNRB,0.0008283146,0.40459186,0.00033512933,387.0,391.0,-4.0
TNC,ITGAV,0.00097326987,0.41672644,0.00040558729,370.0,374.0,-4.0
OSMR,OSM,0.0067921835,0.4267013,0.0028982335,168.0,172.0,-4.0
BMP4,BMPR2,0.00402423,0.41329163,0.0016631805,213.0,217.0,-4.0
FN1,ITGAV,0.0019465397,0.41353205,0.00080495654,282.0,286.0,-4.0
NR1H2,DHCR7,0.012383314,0.40795428,0.0050518257,126.0,130.0,-4.0
APLP2,PIGR,0.00046592706,0.415643,0.00019365933,464.5,469.0,-4.5
SLC29A3,ADORA2A,0.00038654692,0.41028953,0.00015859616,500.5,505.0,-4.5
CCR5,CCL7,6.9026214e-06,0.40934128,2.8255279e-06,1187.5,1192.0,-4.5
IGF1,ITGA6,0.00015876035,0.41580167,6.601282e-05,650.5,655.0,-4.5
WNT3,FZD7,1.7256554e-05,0.40765706,7.034756e-06,1032.5,1037.0,-4.5
IL1RAP,IL1B,9.663671e-05,0.40935773,3.955898e-05,723.5,728.0,-4.5
FZD6,WNT7A,4.831835e-05,0.39901748,1.9279867e-05,836.5,841.0,-4.5
CD40LG,ITGB1,0.0028645878,0.40341297,0.0011556118,243.5,248.0,-4.5
WNT9A,FZD7,5.1769664e-05,0.40541583,2.0988242e-05,818.5,823.0,-4.5
COL6A2,ITGA1,0.0030647595,0.40280104,0.0012344883,229.5,234.0,-4.5
CCR5,CCL8,3.7964423e-05,0.40459904,1.5360369e-05,891.5,896.0,-4.5
EDN1,EDNRA,0.00027610487,0.40788636,0.00011261941,562.5,567.0,-4.5
COL4A1,ADGRG6,1.3805243e-05,0.4181558,5.772742e-06,1078.0,1083.0,-5.0
ICAM1,SPN,0.025115117,0.38721085,0.009724846,86.0,91.0,-5.0
BCR,LGALS9,0.0012631806,0.40125662,0.00050685956,337.0,342.0,-5.0
RXRB,ALDH1A2,3.796442e-05,0.39621815,1.5042192e-05,898.0,903.0,-5.0
TYROBP,APP,0.0006522979,0.39970645,0.00026072768,422.0,427.0,-5.0
FLRT3,ADGRL1,6.9026224e-05,0.42727658,2.9493289e-05,770.0,775.0,-5.0
RORA,DHCR24,0.00051769667,0.41237807,0.00021348675,451.0,456.0,-5.0
LRFN4,PTPRS,4.141573e-05,0.40639418,1.683111e-05,872.0,877.0,-5.0
ACKR2,CCL8,0.00011389327,0.40317047,4.5918405e-05,701.0,706.0,-5.0
SLC29A2,ADORA2A,0.0017394612,0.4299331,0.00074785197,291.0,296.0,-5.0
SLC1A1,GRM2,3.4513107e-06,0.4033452,1.3920696e-06,1247.0,1252.0,-5.0
ITGAV,PLAUR,0.0028991022,0.4130063,0.0011973475,236.0,241.0,-5.0
RYK,WNT5A,2.7610486e-05,0.38675,1.06783555e-05,952.0,957.0,-5.0
TYROBP,CD44,0.019776125,0.39960727,0.007902683,96.0,101.0,-5.0
LRP6,WNT5A,1.0353932e-05,0.41318035,4.2780416e-06,1130.0,1135.0,-5.0
IL6ST,OSM,0.0076412065,0.42108223,0.0032175763,161.0,166.0,-5.0
FZD6,WNT1,0.000555661,0.41198608,0.00022892459,441.0,446.0,-5.0
RORA,DHCR7,0.004038036,0.41219258,0.0016644484,210.0,215.0,-5.0
COL4A4,ITGB1,0.0057291756,0.41706318,0.0023894282,183.0,188.0,-5.0
IL27,IL27RA,0.0031613905,0.40012622,0.0012649553,225.0,230.0,-5.0
EFNA3,EPHA4,0.005991479,0.42872214,0.0025686796,178.0,183.0,-5.0
GABBR1,SLC6A6,0.0022778667,0.4091511,0.0009319917,260.0,265.0,-5.0
TNFSF13,TNFRSF17,2.0707865e-05,0.41798842,8.655647e-06,1002.0,1007.0,-5.0
CDH1,ITGB7,0.05603534,0.36840326,0.020643601,49.0,54.0,-5.0
ADGRG6,COL4A2,9.66367e-05,0.39362836,3.8038947e-05,728.0,733.0,-5.0
ITGB1,LAMC1,0.0003347771,0.4234608,0.00014176499,526.5,532.0,-5.5
ICAM3,ITGAL,0.017770777,0.38420773,0.0068276697,106.5,112.0,-5.5
COL6A2,ITGA2,0.0002381404,0.40128204,9.556147e-05,589.5,595.0,-5.5
PTGES3,PTGER3,0.0006626516,0.40354803,0.00026741176,418.5,424.0,-5.5
BMPR2,BMP8A,3.1061798e-05,0.41488808,1.288717e-05,928.5,934.0,-5.5
ITGAV,TNC,0.00020707866,0.4191511,8.679725e-05,611.5,617.0,-5.5
ACVR1B,INHBA,1.7256554e-05,0.40705213,7.0243173e-06,1032.5,1038.0,-5.5
CALCRL,ADM,6.9026214e-06,0.40786025,2.815305e-06,1187.5,1193.0,-5.5
ITGAV,IGF1,0.00033132586,0.4008694,0.0001328184,535.5,541.0,-5.5
WNT10A,FRZB,3.451311e-05,0.40141466,1.3854068e-05,909.5,915.0,-5.5
ACKR2,CCL2,0.00028991007,0.39268672,0.00011384383,558.5,564.0,-5.5
PPARA,UBASH3B,0.00052459945,0.418864,0.00021973583,447.0,453.0,-6.0
FGA,ITGAM,0.001725655,0.3969232,0.00068495254,293.0,299.0,-6.0
FN1,ITGB7,0.018678442,0.39592278,0.0073952205,101.0,107.0,-6.0
DLK1,NOTCH2,0.03383667,0.4048134,0.013697538,65.0,71.0,-6.0
PTGDS,PTGDR,0.005280509,0.4053135,0.0021402617,193.0,199.0,-6.0
SLC6A6,GABBR1,4.141573e-05,0.40561727,1.6798935e-05,872.0,878.0,-6.0
WNT9A,FZD4,1.0353932e-05,0.41083091,4.2537154e-06,1130.0,1136.0,-6.0
COL6A2,ITGB1,0.008593763,0.40669927,0.0034950771,156.0,162.0,-6.0
TNFRSF25,TNFSF12,0.00010353931,0.3980089,4.120957e-05,716.0,722.0,-6.0
FZD8,WNT2,3.4513107e-06,0.40125903,1.3848696e-06,1247.0,1253.0,-6.0
EFNA4,EPHA1,0.0098293405,0.42447713,0.0041723303,137.0,143.0,-6.0
CCL4,CCR5,0.0036929047,0.38017154,0.0014039372,218.0,224.0,-6.0
CXCL9,CXCR3,0.008614467,0.41094893,0.0035401061,152.0,158.0,-6.0
SPP1,ITGA4,0.015316911,0.40276328,0.006169089,114.0,120.0,-6.0
AR,SRD5A1,0.031320658,0.38364014,0.012015861,71.0,77.0,-6.0
SRD5A1,AR,0.00038654683,0.40626326,0.00015703977,504.0,510.0,-6.0
ALDH1A3,RARA,0.00731677,0.4134555,0.0030251588,164.0,170.0,-6.0
ITGA2,COL4A4,2.0707865e-05,0.4129334,8.550969e-06,1002.0,1008.0,-6.0
L1CAM,EZR,0.014150455,0.38160005,0.0053998143,120.0,126.0,-6.0
ADGRE5,LPAR2,0.0026298964,0.3924039,0.0010319815,253.0,259.0,-6.0
SLC6A11,GABRE,1.3805243e-05,0.41663507,5.751748e-06,1078.0,1084.0,-6.0
LTB4R2,PTGR1,6.2123596e-05,0.40980068,2.5458292e-05,786.5,793.0,-6.5
RAMP1,CALCB,0.00037964422,0.40576923,0.00015404794,506.5,513.0,-6.5
FZD10,WNT7A,6.9026214e-06,0.4063113,2.8046131e-06,1187.5,1194.0,-6.5
WNT6,FRZB,1.7256554e-05,0.4049568,6.988159e-06,1032.5,1039.0,-6.5
PTPRS,LRFN4,0.00048318357,0.41317776,0.00019964071,459.5,466.0,-6.5
WNT4,SFRP1,4.8318354e-05,0.4012018,1.9385412e-05,829.5,836.0,-6.5
JAG2,NOTCH2,0.00078689924,0.3997469,0.00031456052,394.5,401.0,-6.5
ITGA2,COL6A3,0.000103539336,0.4074683,4.2188996e-05,710.5,717.0,-6.5
LCN2,SLC22A17,0.00012424719,0.4115896,5.113885e-05,687.5,694.0,-6.5
FZD1,WNT2B,6.902622e-05,0.4125619,2.8477587e-05,773.5,780.0,-6.5
ICAM1,ITGB2,0.08944434,0.35557145,0.031803854,33.5,40.0,-6.5
LAMC1,ITGB1,0.0028645878,0.39724314,0.0011379379,243.5,250.0,-6.5
IL20RA,IL24,0.00019327347,0.40775704,7.880862e-05,623.5,630.0,-6.5
ITGB5,ADGRB1,5.522097e-05,0.39884958,2.202486e-05,808.5,815.0,-6.5
LAMC1,ITGA6,0.00015876035,0.4122214,6.5444416e-05,650.5,657.0,-6.5
ITGB2,JAM3,9.663671e-05,0.40351444,3.899431e-05,723.5,730.0,-6.5
IGF1R,IGF1,2.761049e-05,0.42521682,1.1740444e-05,939.5,946.0,-6.5
FZD6,WNT7B,2.4159175e-05,0.3982295,9.620897e-06,975.5,982.0,-6.5
DHCR24,RORC,0.0009491107,0.38586155,0.00036622531,375.0,382.0,-7.0
PLXNB2,SEMA4D,0.016134817,0.38617265,0.006230825,112.0,119.0,-7.0
PLXNB1,SEMA4D,0.008800809,0.40330753,0.0035494326,150.0,157.0,-7.0
CEACAM6,CEACAM1,0.000310618,0.4106017,0.00012754028,542.0,549.0,-7.0
SFRP2,WNT2,1.0353932e-05,0.41030854,4.248307e-06,1130.0,1137.0,-7.0
ITGAV,L1CAM,0.00057982025,0.39832845,0.0002309589,438.0,445.0,-7.0
GABRA3,SLC6A6,0.0018222934,0.4198945,0.00076517096,287.0,294.0,-7.0
BDNF,NTRK2,2.0707865e-05,0.40935606,8.47689e-06,1002.0,1009.0,-7.0
FZD8,WNT2B,1.3805243e-05,0.41503212,5.7296193e-06,1078.0,1085.0,-7.0
FZD1,WNT1,0.0003969007,0.40207458,0.00015958368,495.0,502.0,-7.0
GABRE,SLC6A6,0.0068336003,0.4148193,0.0028347094,167.0,174.0,-7.0
F11R,ITGB2,0.09885954,0.33317056,0.032937087,30.0,37.0,-7.0
ITGA2,COL6A2,0.00019672471,0.41951045,8.252807e-05,620.0,627.0,-7.0
COL18A1,ITGB1,0.0057291756,0.41447842,0.0023746197,183.0,190.0,-7.0
SFRP1,WNT1,0.0019051237,0.41737282,0.00079514686,283.0,290.0,-7.0
ALDH1A3,RXRB,0.0027610501,0.38826138,0.0010720091,250.0,257.0,-7.0
IL6ST,LIF,0.00018637079,0.38746536,7.221222e-05,631.0,638.0,-7.0
PODXL2,SELL,0.012604197,0.37420234,0.0047165197,125.0,132.0,-7.0
ITGA2,COL6A1,0.0001242472,0.41883987,5.2039682e-05,684.0,691.0,-7.0
NOTCH2,JAG2,0.002899101,0.4056133,0.001175914,237.0,244.0,-7.0
FGA,ITGAX,0.0012424719,0.3940939,0.0004896506,338.0,345.0,-7.0
SULT1A1,PPARA,0.0014081345,0.40772155,0.0005741268,322.0,329.0,-7.0
ITGAX,FCER2,3.4513107e-06,0.4011194,1.3843877e-06,1247.0,1254.0,-7.0
LRP5,WNT1,0.0012700822,0.39678308,0.00050394714,336.0,343.0,-7.0
ALDH1A3,RARG,0.000911146,0.38681737,0.0003524471,378.0,385.0,-7.0
GABRQ,SLC6A6,0.0009111467,0.39651898,0.00036128695,377.0,384.0,-7.0
VCAM1,ITGB7,0.0015565368,0.3938921,0.0006131075,308.0,315.0,-7.0
WNT5A,FZD3,3.7964423e-05,0.39979818,1.5178107e-05,891.5,899.0,-7.5
COL21A1,ITGA2,0.00015876027,0.3986115,6.328367e-05,654.5,662.0,-7.5
VCAM1,ITGB2,0.0047075967,0.402649,0.0018955091,200.5,208.0,-7.5
ITGB1,COL15A1,0.0013391085,0.41015345,0.0005492399,325.5,333.0,-7.5
WNT4,FZD7,1.7256554e-05,0.40481701,6.985747e-06,1032.5,1040.0,-7.5
COL3A1,ITGA2,0.00039690066,0.40106937,0.0001591847,496.5,504.0,-7.5
NOTCH3,DLK1,0.00033132586,0.39460894,0.00013074416,535.5,543.0,-7.5
IL2RG,IL21,0.00014495506,0.40927744,5.9326838e-05,663.5,671.0,-7.5
DAGLB,CNR2,3.1061798e-05,0.40711334,1.26456725e-05,928.5,936.0,-7.5
ITGB2,THY1,0.00011044196,0.38611227,4.2642994e-05,706.5,714.0,-7.5
FGB,ITGAX,0.00024849435,0.38967392,9.683177e-05,581.5,589.0,-7.5
LRP5,WNT7A,0.00011044194,0.38246062,4.2239695e-05,708.5,716.0,-7.5
IL1RN,IL1R1,6.9026214e-06,0.4058352,2.801327e-06,1187.5,1195.0,-7.5
PTGES3,PTGER1,0.0006626516,0.39415577,0.00026118796,418.5,426.0,-7.5
COL3A1,ITGB1,0.014322938,0.41258213,0.0059093884,115.5,123.0,-7.5
TBXA2R,TBXAS1,5.867228e-05,0.39957967,2.344425e-05,794.5,802.0,-7.5
FZD1,WNT10A,0.0010181371,0.4180305,0.00042561235,360.0,368.0,-8.0
SIRPB1,CD47,0.0022537033,0.39578965,0.0008919925,263.0,271.0,-8.0
IL1RAP,IL1RN,2.0707865e-05,0.4073167,8.434659e-06,1002.0,1010.0,-8.0
TYROBP,CD47,0.00676111,0.40739188,0.0027544212,169.0,177.0,-8.0
ACVR2B,BMP5,1.3805243e-05,0.41479045,5.726283e-06,1078.0,1086.0,-8.0
F11R,ITGAL,0.019641386,0.38257527,0.0075143087,97.0,105.0,-8.0
COL4A3,ITGA10,1.0353932e-05,0.40916485,4.236465e-06,1130.0,1138.0,-8.0
WNT9A,FZD6,0.00013460114,0.413301,5.5630786e-05,675.0,683.0,-8.0
JAG1,NOTCH1,0.0020500794,0.40861893,0.00083770126,273.0,281.0,-8.0
COL5A1,ITGA1,0.0010215865,0.41990903,0.00042897338,357.0,365.0,-8.0
EPHA1,EFNA1,2.4159177e-05,0.41164586,9.945025e-06,965.0,973.0,-8.0
RET,PSPN,2.7610486e-05,0.38314027,1.05786885e-05,952.0,960.0,-8.0
EFNA3,EPHA1,0.008600673,0.40882516,0.0035161714,153.0,161.0,-8.0
DRD4,SLC6A3,3.4513107e-06,0.4008353,1.3834072e-06,1247.0,1255.0,-8.0
HLA-E,KLRC3,0.08156141,0.35597342,0.029033694,38.0,46.0,-8.0
COL21A1,ITGB1,0.0057291756,0.40344635,0.002311415,183.0,191.0,-8.0
ITGB2,ICAM3,0.012079591,0.38460562,0.0046458784,127.0,135.0,-8.0
SULT1A1,PPARG,0.00064539514,0.38612118,0.00024920073,424.0,432.0,-8.0
RORC,LIPA,0.009049344,0.42109013,0.0038105894,143.0,151.0,-8.0
FZD6,WNT5A,2.4159175e-05,0.3932676,9.501021e-06,975.5,984.0,-8.5
SRD5A3,AR,0.00038654695,0.4099874,0.00015847938,498.5,507.0,-8.5
COL21A1,ITGA1,0.002043173,0.40297493,0.0008233475,276.5,285.0,-8.5
ITGAV,VWF,0.00020707866,0.40600154,8.407425e-05,611.5,620.0,-8.5
ITGAV,SPP1,0.0008283145,0.3827443,0.00031703268,388.5,397.0,-8.5
ICAM3,ITGB2,0.08944434,0.3435398,0.03072769,33.5,42.0,-8.5
WNT4,FRZB,1.7256554e-05,0.4024327,6.944602e-06,1032.5,1041.0,-8.5
JAG2,NOTCH1,0.0006833598,0.40289983,0.00027532555,410.5,419.0,-8.5
COL18A1,ITGA2,0.00015876027,0.3978882,6.3168845e-05,654.5,663.0,-8.5
EDN2,EDNRA,7.592884e-05,0.38957834,2.9580231e-05,765.5,774.0,-8.5
ITGAX,ICAM1,0.0003761931,0.3998415,0.0001504176,508.5,517.0,-8.5
PROC,PROCR,6.9026214e-06,0.40542287,2.7984806e-06,1187.5,1196.0,-8.5
SLC29A4,ADORA2A,0.00038654692,0.4084096,0.00015786946,500.5,509.0,-8.5
SLC18A2,ADRB1,5.522097e-05,0.39604616,2.1870053e-05,808.5,817.0,-8.5
TGFB1,TGFBR2,0.0014288377,0.40217304,0.00057464,319.0,328.0,-9.0
THY1,ADGRE5,0.018319622,0.3632749,0.006655059,104.0,113.0,-9.0
IL1RAP,PTPRF,6.21236e-05,0.42090225,2.6147964e-05,782.0,791.0,-9.0
LGALS9,PTPRC,0.026616605,0.3796797,0.010105785,80.0,89.0,-9.0
PGF,FLT1,2.0707866e-05,0.44073427,9.126667e-06,986.0,995.0,-9.0
ERBB4,NRG2,0.0005867228,0.3973286,0.00023312174,434.0,443.0,-9.0
FZD4,WNT7B,3.4513107e-06,0.3975959,1.3722271e-06,1247.0,1256.0,-9.0
SPP1,ITGB1,0.020052115,0.38629922,0.0077461163,95.0,104.0,-9.0
OPRK1,POMC,0.00021398137,0.41549122,8.8907385e-05,603.0,612.0,-9.0
TBXAS1,TBXA2R,4.141573e-05,0.39831397,1.6496464e-05,872.0,881.0,-9.0
ITGA2,COL5A3,1.0353932e-05,0.40646535,4.208515e-06,1130.0,1139.0,-9.0
ADGRE5,ITGB1,0.008593763,0.378818,0.0032554723,156.0,165.0,-9.0
CYSLTR1,LTC4S,0.00047628107,0.40366647,0.0001922587,461.0,470.0,-9.0
CD47,SIRPB1,0.00030026404,0.3937676,0.00011823425,551.0,560.0,-9.0
SLC6A6,GABRE,1.3805243e-05,0.4147022,5.7250645e-06,1078.0,1087.0,-9.0
IL18,IL18R1,0.0010008806,0.39379042,0.0003941372,367.0,376.0,-9.0
WNT9A,LRP5,2.0707865e-05,0.40620452,8.411628e-06,1002.0,1011.0,-9.0
LAMC1,ITGA2,7.938014e-05,0.38910642,3.088732e-05,756.0,765.0,-9.0
RARA,ALDH1A1,0.00013805243,0.41031492,5.6644974e-05,670.0,679.0,-9.0
ACVR2A,BMP8A,1.7256554e-05,0.40110883,6.9217563e-06,1032.5,1042.0,-9.5
BMP4,ACVR2A,0.00037964422,0.39721197,0.00015079923,506.5,516.0,-9.5
HSD17B1,ESR1,6.9026214e-06,0.40501508,2.7956658e-06,1187.5,1197.0,-9.5
SEMA6D,TREM2,2.761049e-05,0.41798115,1.1540664e-05,939.5,949.0,-9.5
TYROBP,APOA1,6.2123596e-05,0.40053478,2.488266e-05,786.5,796.0,-9.5
SEMA4C,PLXNB2,6.902622e-05,0.39875823,2.7524773e-05,773.5,783.0,-9.5
LRP5,WNT5B,5.522097e-05,0.39445767,2.1782336e-05,808.5,818.0,-9.5
ITGAV,TGFB3,0.00028991012,0.39220446,0.000113704045,555.5,565.0,-9.5
C3,ITGB2,0.0047075967,0.38586155,0.0018164805,200.5,210.0,-9.5
RARG,ALDH1A2,2.4159175e-05,0.39190096,9.468004e-06,975.5,985.0,-9.5
FGFR4,TGFBR3,0.009567039,0.41051254,0.0039273896,138.0,148.0,-10.0
NOTCH2,DLK1,0.00096636725,0.38354573,0.00037064604,371.0,381.0,-10.0
WNT3,FZD1,1.3805243e-05,0.41272894,5.6978233e-06,1078.0,1088.0,-10.0
INHBB,ACVR2A,0.00048318363,0.4066755,0.00019649894,458.0,468.0,-10.0
CCL5,ACKR1,0.00013805243,0.40883258,5.644033e-05,670.0,680.0,-10.0
IFNG,IFNGR2,3.10618e-05,0.42424485,1.317781e-05,918.0,928.0,-10.0
L1CAM,ITGB1,0.0057291756,0.4010845,0.0022978836,183.0,193.0,-10.0
COL6A2,ITGA10,1.0353932e-05,0.40401062,4.1830986e-06,1130.0,1140.0,-10.0
NOTCH2,DLL1,0.00012079589,0.39013985,4.712729e-05,693.0,703.0,-10.0
PTPRC,SEMA4D,0.0014668016,0.39384297,0.0005776895,316.0,326.0,-10.0
FGG,ITGAX,0.0040380335,0.38526988,0.0015557327,211.0,221.0,-10.0
ADGRG1,COL3A1,0.0017014965,0.39323533,0.00066908856,294.0,304.0,-10.0
GLRB,SHMT2,0.0010215888,0.42008364,0.00042915274,354.0,364.0,-10.0
HRH1,HDC,3.4513107e-06,0.39712742,1.3706101e-06,1247.0,1257.0,-10.0
COL18A1,ITGA1,0.002043173,0.39390755,0.00080482126,276.5,287.0,-10.5
WNT9A,FRZB,5.1769664e-05,0.39059654,2.0221052e-05,818.5,829.0,-10.5
ACVR2A,INHBA,1.7256554e-05,0.3989417,6.884359e-06,1032.5,1043.0,-10.5
IGFLR1,IGFL2,3.1061798e-05,0.3983874,1.2374629e-05,928.5,939.0,-10.5
COL21A1,ITGA10,6.9026214e-06,0.40416607,2.7898054e-06,1187.5,1198.0,-10.5
CSPG4,ITGB1,0.0028645878,0.38924432,0.0011150246,243.5,254.0,-10.5
SFRP1,WNT7B,8.283147e-05,0.39849344,3.30078e-05,742.5,753.0,-10.5
ICAM3,ITGAD,0.0006557491,0.38433793,0.00025202925,420.5,431.0,-10.5
LIPA,RORA,0.0116516305,0.3658639,0.0042629107,130.0,141.0,-11.0
ITGB5,FN1,0.0011044194,0.40635815,0.0004487898,346.0,357.0,-11.0
ADRB2,DBH,3.4513107e-06,0.3963759,1.3680163e-06,1247.0,1258.0,-11.0
LGALS9,P4HB,0.0051907683,0.3894216,0.0020213975,194.0,205.0,-11.0
THBS1,ITGAV,0.002270963,0.38426137,0.0008726434,262.0,273.0,-11.0
ITGAV,THBS1,0.0022778653,0.38804257,0.0008839087,261.0,272.0,-11.0
FGG,ITGAM,0.005608379,0.36753738,0.0020612888,190.0,201.0,-11.0
JAG2,NOTCH3,1.0353932e-05,0.4027524,4.170071e-06,1130.0,1141.0,-11.0
ACKR2,CCL7,2.0707865e-05,0.4022062,8.328831e-06,1002.0,1013.0,-11.0
COL4A3,ADGRG6,4.141573e-05,0.39135194,1.6208125e-05,872.0,883.0,-11.0
HSD17B1,ESR2,2.7610486e-05,0.3803487,1.0501612e-05,952.0,963.0,-11.0
ITGB2,FCER2,1.3805243e-05,0.40892038,5.645245e-06,1078.0,1089.0,-11.0
SULT1A1,PPARD,0.0021708745,0.39087218,0.00084853446,269.0,280.0,-11.0
GGT1,CYSLTR2,0.0002761049,0.3871768,0.00010690141,561.0,572.0,-11.0
RARA,ALDH1A2,6.902622e-05,0.3961253,2.734303e-05,773.5,785.0,-11.5
TGFB3,TGFBR3,0.00079725316,0.39259687,0.0003129991,391.5,403.0,-11.5
ACKR1,CXCL1,3.1061798e-05,0.3971988,1.23377085e-05,928.5,940.0,-11.5
CEL,RORC,1.7256554e-05,0.39689636,6.8490635e-06,1032.5,1044.0,-11.5
FGB,ITGB2,0.018830387,0.3667047,0.0069051916,99.5,111.0,-11.5
NRP1,VEGFB,0.0001967247,0.39256984,7.722818e-05,621.5,633.0,-11.5
WNT3,LRP5,6.9026214e-06,0.40310195,2.7824601e-06,1187.5,1199.0,-11.5
RAMP2,ADM2,0.0001863708,0.37420213,6.974035e-05,629.5,641.0,-11.5
TGFBR3,TGFB1,0.002177775,0.39059827,0.0008506351,267.0,279.0,-12.0
PTPRC,MRC1,1.3805243e-05,0.40829554,5.636619e-06,1078.0,1090.0,-12.0
TYROBP,APOE,0.0020500799,0.4026222,0.0008254077,272.0,284.0,-12.0
RSPO3,LGR6,1.0353932e-05,0.4009043,4.150936e-06,1130.0,1142.0,-12.0
ITGA2,COL15A1,4.141573e-05,0.39087072,1.6188196e-05,872.0,884.0,-12.0
SFRP2,WNT7A,2.0707865e-05,0.39968964,8.276719e-06,1002.0,1014.0,-12.0
CCL22,CCR4,0.00017601684,0.38116628,6.7091685e-05,638.0,650.0,-12.0
EDN2,EDNRB,0.00022778651,0.39072657,8.900224e-05,598.0,610.0,-12.0
CHRM3,SLC10A4,3.4513107e-06,0.3952004,1.3639594e-06,1247.0,1259.0,-12.0
SFRP1,WNT7A,0.00016566295,0.40147814,6.651005e-05,640.0,652.0,-12.0
LRP5,WNT7B,5.522097e-05,0.38448665,2.1231726e-05,808.5,821.0,-12.5
WNT6,LRP5,6.9026214e-06,0.40226683,2.7766957e-06,1187.5,1200.0,-12.5
ITGAV,OMD,8.283146e-05,0.3809839,3.155745e-05,749.5,762.0,-12.5
FZD1,WNT2,1.7256554e-05,0.39552647,6.825424e-06,1032.5,1045.0,-12.5
ADM2,RAMP3,6.902622e-05,0.3941547,2.7207008e-05,773.5,786.0,-12.5
PPARA,SULT1A1,0.00024849435,0.38479578,9.561958e-05,581.5,594.0,-12.5
IL33,IL1RAP,0.00020707866,0.402295,8.330671e-05,611.5,624.0,-12.5
ABCA1,APOA1,4.1415733e-05,0.4257031,1.7630806e-05,852.5,865.0,-12.5
SFRP1,WNT5A,8.283147e-05,0.3967697,3.286502e-05,742.5,755.0,-12.5
IL10RB,IFNL2,2.4159175e-05,0.38852993,9.386563e-06,975.5,988.0,-12.5
NOTCH4,DLL3,4.8318354e-05,0.39423716,1.904889e-05,829.5,842.0,-12.5
WNT9A,SFRP1,0.00014495506,0.40067738,5.8080215e-05,663.5,676.0,-12.5
FGFR2,FGF7,3.1061798e-05,0.3965351,1.2317093e-05,928.5,941.0,-12.5
LRP5,WNT2B,0.00022088389,0.4017295,8.873557e-05,600.0,613.0,-13.0
NOTCH2,DLL3,0.0008455713,0.37416694,0.0003163848,385.0,398.0,-13.0
SLC29A1,ADORA2A,0.0030923754,0.39398783,0.0012183583,226.0,239.0,-13.0
L1CAM,ITGAV,0.0003244233,0.38537443,0.00012502445,539.0,552.0,-13.0
ITGAV,FCER2,4.141573e-05,0.38747597,1.60476e-05,872.0,885.0,-13.0
FPR2,ALOX5,1.3805243e-05,0.4053392,5.595806e-06,1078.0,1091.0,-13.0
ALOX5AP,CYSLTR2,5.522098e-05,0.4025408,2.2228696e-05,799.0,812.0,-13.0
WNT5A,FZD4,3.4513107e-06,0.3931531,1.3568936e-06,1247.0,1260.0,-13.0
ADGRE5,LPAR1,1.0353932e-05,0.39927226,4.134038e-06,1130.0,1143.0,-13.0
IGF1,ITGAV,0.00016221165,0.392288,6.3633684e-05,647.5,661.0,-13.5
THBS1,CD36,0.00028991012,0.38084462,0.000110410714,555.5,569.0,-13.5
NOTCH4,DLL1,6.9026214e-06,0.40164638,2.772413e-06,1187.5,1201.0,-13.5
PTGER3,PTGES3,0.029902339,0.342825,0.01025127,72.5,86.0,-13.5
BDNF,NGFR,3.7964423e-05,0.39452618,1.4977959e-05,891.5,905.0,-13.5
LRP5,WNT5A,5.522097e-05,0.38293213,2.1145885e-05,808.5,822.0,-13.5
GLS,GRM2,1.7256554e-05,0.39345977,6.78976e-06,1032.5,1046.0,-13.5
TNFRSF17,TNFSF13,1.3805243e-05,0.40456647,5.5851383e-06,1078.0,1092.0,-14.0
ITGB4,IGF1,0.00035893635,0.40038866,0.00014371405,515.0,529.0,-14.0
FZD8,WNT5A,3.4513107e-06,0.39071938,1.348494e-06,1247.0,1261.0,-14.0
ITGA6,LAMC1,7.5928845e-05,0.38509738,2.924e-05,762.0,776.0,-14.0
THY1,ITGAV,0.0006488466,0.37204504,0.00024140016,423.0,437.0,-14.0
LAIR1,LILRB4,4.1415737e-05,0.43252474,1.7913331e-05,847.0,861.0,-14.0
JAG1,NOTCH4,0.000155309,0.37837136,5.8764475e-05,658.0,672.0,-14.0
SIRPA,CD47,0.009014813,0.39205134,0.0035342695,145.0,159.0,-14.0
CD52,SIGLEC10,2.0707865e-05,0.3859145,7.991465e-06,1002.0,1016.0,-14.0
DAGLA,CNR2,1.0353932e-05,0.39715213,4.112086e-06,1130.0,1144.0,-14.0
COL11A2,ITGA1,0.0010215865,0.40950873,0.0004183486,357.0,371.0,-14.0
TGFB3,ITGAV,0.00048663493,0.39419696,0.00019183001,456.5,471.0,-14.5
JAG2,NOTCH4,5.1769664e-05,0.37663832,1.949844e-05,818.5,833.0,-14.5
IL12A,IL12RB2,0.00079725316,0.38865224,0.00030985422,391.5,406.0,-14.5
HSD17B1,NR1I2,6.9026214e-06,0.40051934,2.7646333e-06,1187.5,1202.0,-14.5
PTGER4,PTGES3,0.029902339,0.3411591,0.010201455,72.5,87.0,-14.5
THRA,TG,9.3185394e-05,0.36047935,3.3591412e-05,735.5,750.0,-14.5
NTN4,UNC5B,1.7256554e-05,0.39245778,6.772469e-06,1032.5,1047.0,-14.5
NOTCH3,DLL3,0.00028991012,0.37788475,0.00010955262,555.5,570.0,-14.5
THY1,ITGB2,0.018830387,0.3496975,0.006584939,99.5,114.0,-14.5
CALCRL,ADM2,3.10618e-05,0.41628236,1.293048e-05,918.0,933.0,-15.0
NOTCH3,DLL1,4.141573e-05,0.38606146,1.5989017e-05,872.0,887.0,-15.0
NRP2,PGF,5.522098e-05,0.399842,2.2079666e-05,799.0,814.0,-15.0
ACVR2B,GDF11,0.00035893623,0.39789805,0.00014282002,516.0,531.0,-15.0
PLXNB3,SEMA4D,0.0058672065,0.3900704,0.0022886237,179.0,194.0,-15.0
ITGA2,LAMC1,1.0353932e-05,0.3965912,4.1062785e-06,1130.0,1145.0,-15.0
ACKR4,CCL21,1.3805243e-05,0.3971418,5.482639e-06,1078.0,1093.0,-15.0
FZD8,WNT7B,3.4513107e-06,0.38732132,1.3367662e-06,1247.0,1262.0,-15.0
PTGER3,PTGES2,0.0016842409,0.3672461,0.0006185309,296.5,312.0,-15.5
TNFRSF13B,TNFSF13,6.9026214e-06,0.39929047,2.756151e-06,1187.5,1203.0,-15.5
ITGAV,THY1,0.00033132586,0.37921962,0.00012564527,535.5,551.0,-15.5
FZD1,WNT7A,3.451311e-05,0.3847873,1.3280205e-05,909.5,925.0,-15.5
WNT3,FRZB,1.7256554e-05,0.39205578,6.765532e-06,1032.5,1048.0,-15.5
FZD4,WNT5A,3.4513107e-06,0.38660887,1.3343073e-06,1247.0,1263.0,-16.0
ITGB2,ICAM4,2.7610486e-05,0.3723458,1.0280649e-05,952.0,968.0,-16.0
ICAM1,ITGAX,0.0011803482,0.3809701,0.00044967738,340.0,356.0,-16.0
MADCAM1,ITGB7,0.009339221,0.38242912,0.00357159,140.0,156.0,-16.0
IL23A,IL12RB1,0.00057982065,0.3873331,0.00022458372,435.0,451.0,-16.0
TGFB1,TGFBR3,0.00026575103,0.37294364,9.9110155e-05,567.0,583.0,-16.0
CYP21A2,NR3C2,0.00011734456,0.36409676,4.2724776e-05,697.0,713.0,-16.0
TGFB1,TGFBR1,0.00020707873,0.4017199,8.3187646e-05,609.0,625.0,-16.0
LGALS9,BCR,0.00019327337,0.35909408,6.940332e-05,626.0,642.0,-16.0
SFRP2,WNT7B,1.0353932e-05,0.39601555,4.100318e-06,1130.0,1146.0,-16.0
CYP19A1,ESR2,1.3805243e-05,0.39652127,5.4740726e-06,1078.0,1094.0,-16.0
FZD4,WNT7A,6.9026214e-06,0.39913997,2.755112e-06,1187.5,1204.0,-16.5
ITGAV,MMP2,0.00020707866,0.38960132,8.067812e-05,611.5,628.0,-16.5
WNT5A,SFRP2,3.7964423e-05,0.38325363,1.4550003e-05,891.5,908.0,-16.5
LIPA,RORC,6.902622e-05,0.38132003,2.6321079e-05,773.5,790.0,-16.5
SLC10A4,CHRNE,4.4867047e-05,0.3992913,1.7915021e-05,843.0,860.0,-17.0
INHBB,ACVR1C,0.0003865469,0.38308147,0.00014807895,502.0,519.0,-17.0
ALDH1A3,CRABP2,0.00055220973,0.3833073,0.00021166603,442.0,459.0,-17.0
WNT5A,FZD5,1.0353932e-05,0.39592144,4.0993436e-06,1130.0,1147.0,-17.0
GGT5,CYSLTR2,5.522098e-05,0.3960534,2.1870457e-05,799.0,816.0,-17.0
WNT10A,LRP5,1.3805243e-05,0.39584148,5.4646875e-06,1078.0,1095.0,-17.0
TENM1,ADGRL2,3.4513107e-06,0.38643265,1.3336992e-06,1247.0,1264.0,-17.0
SELPLG,SELL,0.0005729179,0.37253124,0.00021342983,440.0,457.0,-17.0
PTPRS,AGRN,0.00038654686,0.38033107,0.00014701579,503.0,520.0,-17.0
ITGAV,ADGRE2,0.0014909663,0.3712363,0.0005535008,315.0,332.0,-17.0
TGFBR3,FGFR4,6.9026214e-06,0.3989514,2.7538106e-06,1187.5,1205.0,-17.5
DLL3,NOTCH2,0.00078689924,0.37264323,0.00029323268,394.5,412.0,-17.5
DLL3,NOTCH1,0.0006833598,0.37996885,0.00025965544,410.5,428.0,-17.5
THY1,ITGAX,0.00024849435,0.38091806,9.465599e-05,581.5,599.0,-17.5
SLC10A4,CHRNB1,0.00022778662,0.39072174,8.900118e-05,593.5,611.0,-17.5
FZD1,WNT7B,1.7256554e-05,0.3846574,6.6378616e-06,1032.5,1050.0,-17.5
LAMC1,ITGAV,0.00016221165,0.38573253,6.257031e-05,647.5,665.0,-17.5
CNTN1,NOTCH1,0.00045557323,0.38505706,0.0001754217,472.0,490.0,-18.0
ICAM1,ITGAM,0.0016393723,0.37105814,0.0006083024,300.0,318.0,-18.0
CXCR3,CXCL11,1.3805243e-05,0.39582705,5.464489e-06,1078.0,1096.0,-18.0
STRA6,RBP4,3.4513107e-06,0.3854405,1.3302749e-06,1247.0,1265.0,-18.0
LTC4S,CYSLTR2,0.00013805245,0.3990813,5.5094148e-05,667.0,685.0,-18.0
CNTN1,NOTCH2,0.0005245995,0.38693106,0.00020298385,446.0,464.0,-18.0
ITGA2,COL8A2,1.0353932e-05,0.39516678,4.09153e-06,1130.0,1148.0,-18.0
CRABP2,ALDH1A2,0.00012769853,0.38512528,4.9179933e-05,682.0,700.0,-18.0
DLK1,NOTCH4,0.0022260956,0.3730182,0.0008303742,265.0,283.0,-18.0
LAMA3,ITGA3,3.4513112e-05,0.39394072,1.359612e-05,901.5,920.0,-18.5
NTN1,UNC5B,6.9026214e-06,0.39856142,2.7511185e-06,1187.5,1206.0,-18.5
FPR2,LTC4S,0.00023814054,0.3872222,9.2213304e-05,585.0,604.0,-19.0
SFRP2,WNT5A,1.0353932e-05,0.38935283,4.031333e-06,1130.0,1149.0,-19.0
ERBB4,HBEGF,0.0030509578,0.37113163,0.001132307,232.0,251.0,-19.0
ALDH1A3,RXRA,0.0014081352,0.36380306,0.0005122839,321.0,340.0,-19.0
PTGER3,PTGES,2.7610486e-05,0.3657063,1.0097328e-05,952.0,971.0,-19.0
ACVR2B,BMP8A,1.3805243e-05,0.394413,5.444967e-06,1078.0,1097.0,-19.0
PTPRC,CD22,3.4513107e-06,0.38464698,1.3275362e-06,1247.0,1266.0,-19.0
THRB,TG,0.00013460113,0.3700886,4.981434e-05,677.0,696.0,-19.0
PPARD,SULT1A1,0.0007454831,0.36644927,0.00027318174,402.0,421.0,-19.0
ADM2,RAMP2,0.00010353933,0.3753589,3.886441e-05,712.0,731.0,-19.0
IL6ST,IL12A,0.00012424719,0.35952687,4.4670203e-05,687.5,707.0,-19.5
IL1R2,IL1B,4.8318354e-05,0.38289312,1.8500765e-05,829.5,849.0,-19.5
KREMEN1,RSPO1,6.9026214e-06,0.3977924,2.7458104e-06,1187.5,1207.0,-19.5
ARTN,GFRA1,3.4513107e-06,0.37784153,1.3040485e-06,1247.0,1267.0,-20.0
CCL20,CCR6,0.00078689895,0.35351095,0.00027817738,396.0,416.0,-20.0
NOTCH4,DLK1,5.522098e-05,0.39206842,2.1650401e-05,799.0,819.0,-20.0
ITGAV,LAMC1,4.141573e-05,0.378221,1.5664298e-05,872.0,892.0,-20.0
IFNLR1,IFNL2,1.0353932e-05,0.38628325,3.9995507e-06,1130.0,1150.0,-20.0
IL20RB,IL24,1.3805243e-05,0.39422265,5.4423394e-06,1078.0,1098.0,-20.0
DLL1,NOTCH2,0.00026229976,0.3694137,9.689712e-05,568.0,588.0,-20.0
LGALS9,HAVCR2,0.001580701,0.36548734,0.00057772617,305.0,325.0,-20.0
AXL,GAS6,2.0707866e-05,0.41904947,8.677621e-06,986.0,1006.0,-20.0
ICAM3,CD209,6.55749e-05,0.37287885,2.4451494e-05,779.0,799.0,-20.0
SPP1,ITGAV,0.0011354815,0.38565516,0.00043790432,342.0,362.0,-20.0
CCL19,CCRL2,0.0007972532,0.37609246,0.00029984093,390.0,410.0,-20.0
ALDH1A3,RORB,0.00013805243,0.37998462,5.2457803e-05,670.0,690.0,-20.0
PTGER2,PTGES3,0.0074755847,0.35113287,0.0026249236,162.0,182.0,-20.0
MMP2,ITGAV,0.00016221165,0.37262842,6.0444672e-05,647.5,668.0,-20.5
CCL4,ACKR2,3.451311e-05,0.38086498,1.3144834e-05,909.5,930.0,-20.5
WNT5A,FZD7,1.7256554e-05,0.3713995,6.4090755e-06,1032.5,1053.0,-20.5
APLP2,PLXNA4,0.00046592706,0.38887742,0.00018118852,464.5,485.0,-20.5
ITGAX,FGG,6.9026214e-06,0.3950817,2.7270994e-06,1187.5,1208.0,-20.5
NRP1,PGF,8.2831466e-05,0.37047014,3.0686584e-05,746.5,767.0,-20.5
ACVR2B,INHBA,1.3805243e-05,0.393185,5.4280144e-06,1078.0,1099.0,-21.0
CEL,RORA,0.0029129076,0.37560588,0.0010941052,235.0,256.0,-21.0
IL1R2,IL1RN,1.0353932e-05,0.385064,3.9869265e-06,1130.0,1151.0,-21.0
DLL1,NOTCH3,3.4513107e-06,0.37226167,1.2847906e-06,1247.0,1268.0,-21.0
WNT3,RYK,8.628275e-05,0.37445202,3.230875e-05,739.0,760.0,-21.0
TGFBR3,TGFB3,2.4159177e-05,0.39159736,9.46067e-06,965.0,986.0,-21.0
THBS1,ITGA3,0.00048318357,0.3819829,0.00018456786,459.5,481.0,-21.5
CXCR4,CXCL12,0.00045557308,0.35527006,0.00016185148,477.5,499.0,-21.5
CXCL1,ACKR1,0.00027610487,0.35757536,9.87283e-05,562.5,584.0,-21.5
FZD8,WNT7A,6.9026214e-06,0.39500505,2.7265703e-06,1187.5,1209.0,-21.5
NOTCH1,DLL3,4.8318354e-05,0.37976003,1.834938e-05,829.5,851.0,-21.5
AGTR1,AGT,3.4513107e-06,0.37155318,1.2823455e-06,1247.0,1269.0,-22.0
IGFL1,IGFLR1,0.0011044203,0.38598272,0.00042628715,345.0,367.0,-22.0
WNT5A,LRP6,1.3805243e-05,0.39162123,5.406426e-06,1078.0,1100.0,-22.0
ERBB4,EREG,0.00035203368,0.38850966,0.00013676849,517.0,539.0,-22.0
KLRB1,CLEC2D,0.0031648544,0.36789525,0.0011643348,224.0,246.0,-22.0
SLC18A2,ADRA2B,1.0353932e-05,0.38261992,3.9616207e-06,1130.0,1152.0,-22.0
IFNAR1,IFNE,0.00011044198,0.36180767,3.9958755e-05,704.0,726.0,-22.0
TGFB1,ITGAV,0.00016221165,0.36844325,5.976579e-05,647.5,670.0,-22.5
NCAM1,AGRN,2.761049e-05,0.38122937,1.052593e-05,939.5,962.0,-22.5
CSPG4,ITGA3,3.4513112e-05,0.3871645,1.3362252e-05,901.5,924.0,-22.5
HSD17B1,GPER1,6.9026214e-06,0.3932728,2.7146132e-06,1187.5,1210.0,-22.5
SPN,SIGLEC1,3.4513107e-06,0.36749667,1.2683452e-06,1247.0,1270.0,-23.0
DLL3,NOTCH3,1.0353932e-05,0.3750744,3.8834946e-06,1130.0,1153.0,-23.0
INHA,ACVR1C,1.3805243e-05,0.39042506,5.3899125e-06,1078.0,1101.0,-23.0
ADGRE5,THY1,8.2831466e-05,0.36349314,3.010867e-05,746.5,770.0,-23.5
SLC1A2,GRM2,6.9026214e-06,0.38577875,2.6628848e-06,1187.5,1211.0,-23.5
FGB,ITGAM,0.000345131,0.3836028,0.00013239322,518.5,542.0,-23.5
CNTN1,MCAM,4.1415733e-05,0.4085086,1.6918682e-05,852.5,876.0,-23.5
CEACAM1,CD209,1.3805243e-05,0.39040187,5.3895924e-06,1078.0,1102.0,-24.0
DAGLA,GPR55,3.4513107e-06,0.36320695,1.2535401e-06,1247.0,1271.0,-24.0
FGFR2,FCER2,1.0353932e-05,0.3733137,3.8652647e-06,1130.0,1154.0,-24.0
ITGB2,F11R,0.00023468913,0.37119305,8.7114975e-05,592.0,616.0,-24.0
WNT5A,FZD6,4.4867047e-05,0.3911552,1.7549979e-05,843.0,867.0,-24.0
WNT5A,FRZB,1.7256554e-05,0.36186585,6.2445574e-06,1032.5,1057.0,-24.5
CXCL8,ACKR1,0.0005245992,0.36215198,0.00018998465,448.5,473.0,-24.5
CLEC2B,KLRF1,0.0002484944,0.37559938,9.333435e-05,576.5,601.0,-24.5
TENM1,ADGRL1,3.4513112e-05,0.38407537,1.3255636e-05,901.5,926.0,-24.5
WNT5A,SFRP1,4.8318354e-05,0.3785316,1.8290024e-05,829.5,854.0,-24.5
PTGER4,PTGES2,0.0016842409,0.3557264,0.00059912895,296.5,321.0,-24.5
NOTCH1,DLL1,6.9026214e-06,0.38567367,2.6621594e-06,1187.5,1212.0,-24.5
DLL1,NOTCH1,0.00022778662,0.37666887,8.580013e-05,593.5,618.0,-24.5
PTGER2,PTGES2,0.00042106022,0.3663257,0.00015424518,487.5,512.0,-24.5
HRH2,HDC,1.3805243e-05,0.39036608,5.3890985e-06,1078.0,1103.0,-25.0
FGFR2,FGF22,4.141573e-05,0.3693596,1.5297297e-05,872.0,897.0,-25.0
DAGLB,GPR55,1.0353932e-05,0.36285856,3.757013e-06,1130.0,1155.0,-25.0
NOTCH1,DLK1,5.522098e-05,0.37917227,2.0938263e-05,799.0,824.0,-25.0
PPARG,SULT1A1,0.00086973025,0.35492912,0.0003086926,382.0,407.0,-25.0
RARB,ALDH1A2,3.4513107e-06,0.34408024,1.1875278e-06,1247.0,1272.0,-25.0
ADGRG1,TGM2,0.0005004402,0.37150767,0.00018591736,453.0,478.0,-25.0
PTGER4,PTGES,2.7610486e-05,0.35571697,9.821519e-06,952.0,977.0,-25.0
FPR2,SAA1,4.4867047e-05,0.3901789,1.7506174e-05,843.0,868.0,-25.0
SLC10A4,CHRNA1,2.4159177e-05,0.38636032,9.334147e-06,965.0,990.0,-25.0
ACKR4,CCL25,6.9026214e-06,0.37327367,2.5765669e-06,1187.5,1213.0,-25.5
ITGAX,THY1,2.761049e-05,0.3771532,1.0413384e-05,939.5,965.0,-25.5
TYRO3,GAS6,0.00014495506,0.36236683,5.2526906e-05,663.5,689.0,-25.5
CXCR4,CXCL14,0.00045557308,0.34951934,0.00015923161,477.5,503.0,-25.5
CCL2,ACKR1,0.00011044194,0.3413789,3.770255e-05,708.5,734.0,-25.5
PTGR1,LTB4R,0.0015323824,0.3519602,0.00053933763,310.0,336.0,-26.0
WNT5A,ROR2,3.4513107e-06,0.32315338,1.1153027e-06,1247.0,1273.0,-26.0
IL12A,IL12RB1,0.001739462,0.3521519,0.00061255484,290.0,316.0,-26.0
ITGB2,GP1BA,1.3805243e-05,0.38609448,5.3301283e-06,1078.0,1104.0,-26.0
GJA1,GJC1,6.9026214e-06,0.37172616,2.5658849e-06,1187.5,1214.0,-26.5
THY1,ADGRE2,0.00049698877,0.36914852,0.00018346267,455.0,482.0,-27.0
RARRES2,CCRL2,0.0010630043,0.36526892,0.0003882824,351.0,378.0,-27.0
SEMA6D,PLXNA1,2.4159177e-05,0.38588738,9.322722e-06,965.0,992.0,-27.0
PTGER2,PTGES,6.9026214e-06,0.36896732,2.5468416e-06,1187.5,1215.0,-27.5
DLL3,NOTCH4,5.1769664e-05,0.3614146,1.8710312e-05,818.5,846.0,-27.5
CCL19,CCR7,0.003064761,0.35773343,0.0010963675,227.0,255.0,-28.0
SPN,ICAM1,0.0003761931,0.3707251,0.00013946422,508.5,537.0,-28.5
IL12RB1,IL12A,6.9026214e-06,0.35931772,2.4802341e-06,1187.5,1216.0,-28.5
ALOX5,CYSLTR2,5.522098e-05,0.36841252,2.03441e-05,799.0,828.0,-29.0
WNT5A,LRP5,6.9026214e-06,0.3575839,2.4682663e-06,1187.5,1217.0,-29.5
RXRA,ALDH1A2,2.4159175e-05,0.36037323,8.70632e-06,975.5,1005.0,-29.5
RXRA,ALDH1A1,4.831835e-05,0.36372775,1.7574725e-05,836.5,866.0,-29.5
TGM2,ADGRG1,0.0005176968,0.3567069,0.000184666,450.0,480.0,-30.0
PODXL,SELL,0.0022916717,0.3489176,0.0007996046,259.0,289.0,-30.0
LGALS9,CD22,6.9026214e-06,0.35536298,2.452936e-06,1187.5,1218.0,-30.5
AMN,APOA1,2.0707866e-05,0.38351604,7.941799e-06,986.0,1017.0,-31.0
PLXNB2,SEMA4C,0.00030371538,0.33731854,0.00010244883,546.0,577.0,-31.0
CCL2,ACKR2,1.3805243e-05,0.3655589,5.046629e-06,1078.0,1109.0,-31.0
IFNLR1,IFNL1,0.00016566292,0.3515769,5.8243255e-05,642.5,674.0,-31.5
ADGRE5,ITGAV,0.00048663493,0.37043878,0.00018026846,456.5,488.0,-31.5
RSPO3,LGR4,6.9026214e-06,0.352015,2.4298263e-06,1187.5,1219.0,-31.5
RARB,ALDH1A1,6.9026214e-06,0.34501648,2.3815182e-06,1187.5,1220.0,-32.5
CCL2,CCR2,0.0002622996,0.35185072,9.2290305e-05,570.0,603.0,-33.0
IL10RB,IFNL1,0.0003865468,0.3583552,0.00013852105,505.0,538.0,-33.0
RARRES2,CMKLR1,1.3805243e-05,0.35487884,4.8991888e-06,1078.0,1112.0,-34.0
WNT5A,RYK,8.628275e-05,0.3433737,2.9627226e-05,739.0,773.0,-34.0
ADGRL1,FLRT2,3.451311e-05,0.3426289,1.1825188e-05,909.5,944.0,-34.5
THY1,ITGAM,0.000345131,0.35849068,0.00012372625,518.5,553.0,-34.5
THBS2,CD36,2.0707866e-05,0.3687875,7.636802e-06,986.0,1021.0,-35.0
DLL1,NOTCH4,1.7256554e-05,0.35016328,6.042612e-06,1032.5,1068.0,-35.5
ACKR4,CCL19,4.1415733e-05,0.38325197,1.5872662e-05,852.5,889.0,-36.5
CRHR1,UCN,3.451311e-05,0.3376763,1.1654259e-05,909.5,947.0,-37.5
CX3CR1,CX3CL1,4.1415733e-05,0.38012284,1.5743066e-05,852.5,891.0,-38.5
